{"json":{"version":"1.0","encoding":"utf-8"},"ns":{"tutorial":"domain://tutorial"},"content":[{"id":"7c8fd4a0-1eec-4140-97ab-01828e5fe169","eClass":"tutorial:Family","data":{"name":"Addams","members":[{"id":"fe5b487d-06e5-4579-9010-3334cfa82fb7","eClass":"tutorial:Person","data":{"name":"Morticia","children":["//@members.2"]}},{"id":"ac504a53-411c-4c5e-899b-49f641782b94","eClass":"tutorial:Person","data":{"name":"Gomez","children":["//@members.2"]}},{"id":"9cdf1572-559c-451a-878e-59fa375ff0ef","eClass":"tutorial:Person","data":{"name":"Wednesday"}}]}}]}