{"json":{"version":"1.0","encoding":"utf-8"},"ns":{"tutorial":"domain://tutorial"},"content":[{"id":"80800463-aa81-4ef6-b3e0-04532acd97e8","eClass":"tutorial:Family","data":{"name":"Addams","members":[{"id":"9db81acf-51ff-457a-bbab-e7eff96a3eec","eClass":"tutorial:Person","data":{"name":"Morticia","children":["//@members.2"]}},{"id":"e67d281d-844e-4ed0-aac6-f38923b9d9c5","eClass":"tutorial:Person","data":{"name":"Gomez","children":["//@members.2"]}},{"id":"77483b9d-f3b1-489e-9f0e-2d29aba8d99f","eClass":"tutorial:Person","data":{"name":"Wednesday"}}]}}]}