{"json":{"version":"1.0","encoding":"utf-8"},"ns":{"diagram":"http://www.eclipse.org/sirius-web/diagram","form":"http://www.eclipse.org/sirius-web/form","view":"http://www.eclipse.org/sirius-web/view"},"content":[{"id":"20da5c77-523b-4cdc-82b8-c19382c2a804","eClass":"view:View","data":{"descriptions":[{"id":"5e3eae42-912e-4655-9d24-71f20dd0992e","eClass":"diagram:DiagramDescription","data":{"name":"Family Diagram Description","domainType":"tutorial::Family","titleExpression":"aql:'Family Representation'","palette":{"id":"c4b3a63a-62bc-49cc-8bf2-3dc497433148","eClass":"diagram:DiagramPalette","data":{"nodeTools":[{"id":"4e4a798e-3870-400d-8bc9-0221bf6a1676","eClass":"diagram:NodeTool","data":{"name":"Woman","body":[{"id":"4470fbc9-0235-409f-a672-6d728890df61","eClass":"view:CreateInstance","data":{"children":[{"id":"56ed52bd-9091-4a71-8654-bbe6743cc453","eClass":"view:ChangeContext","data":{"children":[{"id":"69dd2829-5f3e-4165-b14b-92e1c9618885","eClass":"view:SetValue","data":{"featureName":"name","valueExpression":"new Woman"}},{"id":"64d5852c-3413-48a2-ad96-e0be3a0b80c0","eClass":"view:SetValue","data":{"featureName":"age","valueExpression":"20"}}],"expression":"aql:newWoman"}}],"typeName":"tutorial::Woman","referenceName":"members","variableName":"newWoman"}}]}},{"id":"c16de130-3d53-45af-b813-f132b9856d46","eClass":"diagram:NodeTool","data":{"name":"Man","body":[{"id":"084b7a50-03ee-4b4a-a868-d813d0f8f8d3","eClass":"view:CreateInstance","data":{"children":[{"id":"9253f995-4bae-4293-b7e0-f7cf01dd99a5","eClass":"view:ChangeContext","data":{"children":[{"id":"dfca164a-1549-4c39-a752-7d099eb4d6e6","eClass":"view:SetValue","data":{"featureName":"name","valueExpression":"new Man"}},{"id":"872dbf8b-add8-47cd-9935-84c65579b661","eClass":"view:SetValue","data":{"featureName":"age","valueExpression":"20"}}],"expression":"aql:newMan"}}],"typeName":"tutorial::Man","referenceName":"members","variableName":"newMan"}}]}}]}},"nodeDescriptions":[{"id":"7b4dd4dc-b6ee-424e-ad09-8c90d196c39e","eClass":"diagram:NodeDescription","data":{"name":"Person Node","domainType":"tutorial::Person","semanticCandidatesExpression":"aql:self.members","palette":{"id":"5bdb7049-07b1-4786-b24d-dfe845456490","eClass":"diagram:NodePalette","data":{"deleteTool":{"id":"39b20653-187a-4c75-94fd-6aa38128a7bf","eClass":"diagram:DeleteTool","data":{"name":"Delete","body":[{"id":"e70d12eb-382b-4e3a-b949-6ea638cd52c3","eClass":"view:ChangeContext","data":{"expression":"aql:self.defaultDelete()"}}]}},"labelEditTool":{"id":"b16507ae-bdd3-4dc4-9df9-a1843d540a5f","eClass":"diagram:LabelEditTool","data":{"name":"Edit Label","body":[{"id":"63f6338b-356b-4216-b535-62ad4cf966c5","eClass":"view:ChangeContext","data":{"expression":"aql:self.defaultEditLabel(newLabel)"}}]}}}},"childrenLayoutStrategy":{"id":"3cd9341c-648c-42b0-8988-a62fe35a121f","eClass":"diagram:FreeFormLayoutStrategyDescription"},"style":{"id":"174397f9-7355-4069-b48c-caace426b12c","eClass":"diagram:RectangularNodeStyleDescription","data":{"color":"//@colorPalettes.0/@colors.0","borderColor":"//@colorPalettes.0/@colors.1","labelColor":"//@colorPalettes.0/@colors.2","widthComputationExpression":"70","heightComputationExpression":"70"}},"conditionalStyles":[{"id":"fb089ac8-106c-4fa6-a656-106c477273f5","eClass":"diagram:ConditionalNodeStyle","data":{"condition":"aql:self.oclIsKindOf(tutorial::Woman)","style":{"id":"10c94000-4aa3-45ef-a55a-3275129448a1","eClass":"diagram:ImageNodeStyleDescription","data":{"borderSize":"0","labelColor":"//@colorPalettes.0/@colors.2","widthComputationExpression":"70","heightComputationExpression":"70","shape":"9ee21695-9b2b-3535-bf1e-20b6dc124c8c"}}}},{"id":"397be823-c31b-46e5-a594-8cd2f9aa7e8d","eClass":"diagram:ConditionalNodeStyle","data":{"condition":"aql:self.oclIsKindOf(tutorial::Man)","style":{"id":"479d71e3-4319-48e1-9b59-d06de2f612b2","eClass":"diagram:ImageNodeStyleDescription","data":{"borderSize":"0","labelColor":"//@colorPalettes.0/@colors.2","widthComputationExpression":"70","heightComputationExpression":"70","shape":"009cf4f8-f1a2-3e10-8131-bd9f4694fef4"}}}}]}}],"edgeDescriptions":[{"id":"225a6644-32f7-40eb-9512-ab281a822e93","eClass":"diagram:EdgeDescription","data":{"name":"Children Edge","domainType":"","semanticCandidatesExpression":"","labelExpression":"","palette":{"id":"dd0bb75c-3266-4bc6-bae5-335f1f8e247d","eClass":"diagram:EdgePalette","data":{"deleteTool":{"id":"58e33369-0f2c-4e05-8a17-01bbba8f4647","eClass":"diagram:DeleteTool","data":{"name":"Delete","body":[{"id":"a298707d-5dd7-4ba9-acff-86a3825f6c1e","eClass":"view:ChangeContext","data":{"expression":"aql:self.defaultDelete()"}}]}},"centerLabelEditTool":{"id":"dd515e61-0b21-4419-a622-022ce27ce856","eClass":"diagram:LabelEditTool","data":{"name":"Edit Label","body":[{"id":"0e50a791-ee6f-4185-b090-78c139bb44e6","eClass":"view:ChangeContext","data":{"expression":"aql:self.defaultEditLabel(newLabel)"}}]}}}},"sourceNodeDescriptions":["//@descriptions.0/@nodeDescriptions.0"],"targetNodeDescriptions":["//@descriptions.0/@nodeDescriptions.0"],"sourceNodesExpression":"aql:self","targetNodesExpression":"aql:self.children","style":{"id":"f0991475-6a03-48ea-b3e7-68749f0582c2","eClass":"diagram:EdgeStyle","data":{"color":"//@colorPalettes.0/@colors.1"}}}}]}},{"id":"892f5496-4f05-4a66-b84d-3cf445a1c20a","eClass":"form:FormDescription","data":{"name":"Family Form Description","domainType":"tutorial::Family","titleExpression":"aql:'Family Form'","pages":[{"id":"9cd73154-caf3-47a5-b961-c413d79a2b4f","eClass":"form:PageDescription","data":{"name":"Family Page","labelExpression":"Family","domainType":"tutorial::Family","groups":[{"id":"525fca17-7ca9-4ca1-b5e3-7889adc82ca9","eClass":"form:GroupDescription","data":{"name":"Family Group","labelExpression":"Family Data","toolbarActions":[{"id":"d60c6234-33ea-4ceb-912b-69ae1f692f32","eClass":"form:ButtonDescription","data":{"name":"New Man","labelExpression":"+ Man","helpExpression":"Add a new Man to the Family","buttonLabelExpression":"+ Man","body":[{"id":"1fae4386-c7c2-4aad-a277-34c844eac812","eClass":"view:ChangeContext","data":{"children":[{"id":"a00a5ef9-0352-43fd-9c85-470c9ba2a467","eClass":"view:CreateInstance","data":{"children":[{"id":"116418e4-daf5-4ab3-bf8f-1a09ae2650f6","eClass":"view:ChangeContext","data":{"children":[{"id":"d665bb4e-34d2-4d34-a4a8-08a081a78b8c","eClass":"view:SetValue","data":{"featureName":"name","valueExpression":"new Man"}},{"id":"3f4e25bc-b982-437d-a6b3-9d018e94f0b0","eClass":"view:SetValue","data":{"featureName":"age","valueExpression":"20"}}],"expression":"aql:newMan"}}],"typeName":"tutorial::Man","referenceName":"members","variableName":"newMan"}}]}}],"style":{"id":"97808b1c-e1c7-4d20-b47d-c88daa077b90","eClass":"form:ButtonDescriptionStyle"}}},{"id":"24a8312d-e01a-49e5-88a4-5408e5efdcc6","eClass":"form:ButtonDescription","data":{"name":"New Woman","labelExpression":"+ Woman","helpExpression":"Add a new Woman to the Family","buttonLabelExpression":"+ Woman","body":[{"id":"02be2924-9b95-46b2-83fd-1419b285df0b","eClass":"view:ChangeContext","data":{"children":[{"id":"52634a01-0f0d-4d5e-98c6-d23da2c23c48","eClass":"view:CreateInstance","data":{"children":[{"id":"43b128ae-472d-4e6d-b6da-d26a1cc5deff","eClass":"view:ChangeContext","data":{"children":[{"id":"5eeac4eb-8123-4e31-872a-849642b0df54","eClass":"view:SetValue","data":{"featureName":"name","valueExpression":"new Woman"}},{"id":"bd800ba1-a0ec-46c0-9441-9b627bc3f5ae","eClass":"view:SetValue","data":{"featureName":"age","valueExpression":"20"}}],"expression":"aql:newWoman"}}],"typeName":"tutorial::Woman","referenceName":"members","variableName":"newWoman"}}]}}],"style":{"id":"6413bcd3-4a58-4046-a2fa-e84fe129a0c9","eClass":"form:ButtonDescriptionStyle"}}}],"widgets":[{"id":"d7c0a7ca-3bea-4fe5-9c81-1fa144556e2b","eClass":"form:TextfieldDescription","data":{"name":"Family Name","labelExpression":"Family Name","helpExpression":"You can change the family name here","valueExpression":"aql:self.name","style":{"id":"a4cd2e16-8647-4849-bba1-462ca6a56c69","eClass":"form:TextfieldDescriptionStyle"}}},{"id":"6759b322-98a0-4b98-8016-71a331fe7dc2","eClass":"form:ListDescription","data":{"name":"Family Members","labelExpression":"Family Members","helpExpression":"","valueExpression":"aql:self.members","displayExpression":"aql:candidate.name","isDeletableExpression":"true","style":{"id":"1dc5df39-2a6b-46a9-9ce2-a9f5d259d78d","eClass":"form:ListDescriptionStyle"}}},{"id":"f292719a-e487-46cb-9cc0-7ba8f3728251","eClass":"form:FlexboxContainerDescription","data":{"name":"Data Container","children":[{"id":"f6ec783f-b548-4fa7-aece-be49458b85e3","eClass":"form:BarChartDescription","data":{"name":"Ages Chart","labelExpression":"Ages Chart","valuesExpression":"aql:self.members.age","keysExpression":"aql:self.members.name","yAxisLabelExpression":"Age","style":{"id":"853ad77b-e41c-410f-890d-d0af6713d7e6","eClass":"form:BarChartDescriptionStyle","data":{"barsColor":"#d595b8"}},"width":"400","height":"300"}},{"id":"786ad22a-176a-4e7b-9cb2-d99d9aee11d5","eClass":"form:PieChartDescription","data":{"name":"Position Chart","labelExpression":"Parents/Children Distribution","valuesExpression":"aql:Sequence{self.members->select(p | p.children->size() > 0)->size(), self.members->select(p | p.children->size() = 0)->size()}","keysExpression":"aql:Sequence{'Parents', 'Children'}","style":{"id":"4f57937b-d01c-4fab-9276-e3fbb54d7ecf","eClass":"form:PieChartDescriptionStyle","data":{"colors":"aql:Sequence{'#d595b8',' #a59ab0'}"}}}}]}}]}}]}}]}}],"colorPalettes":[{"id":"6236f776-867c-4774-99a3-00daaf2bee22","eClass":"view:ColorPalette","data":{"name":"Color Palette","colors":[{"id":"822a1bcb-455f-447a-b9b8-e8dac16e8f76","eClass":"view:FixedColor","data":{"name":"person_background_color","value":"#f7e6f0"}},{"id":"180da4b9-9c76-4ccf-9b2f-9822f80e69ad","eClass":"view:FixedColor","data":{"name":"person_border_color","value":"#242055"}},{"id":"1b590bd3-d9a9-44f4-a4c1-55c27e4ff974","eClass":"view:FixedColor","data":{"name":"person_label_color","value":"#242055"}}]}}]}}]}