{"json":{"version":"1.0","encoding":"utf-8"},"ns":{"domain":"http://www.eclipse.org/sirius-web/domain"},"content":[{"id":"788992f7-7ba8-4bfc-9231-eab78201f5aa","eClass":"domain:Domain","data":{"name":"tutorial","types":[{"id":"de59293d-ba4e-4df0-93c6-fc0601f1115f","eClass":"domain:Entity","data":{"name":"Family","attributes":[{"id":"5c7f3a42-af63-42ce-9143-93106f7a139a","eClass":"domain:Attribute","data":{"name":"name"}}],"relations":[{"id":"faf357fc-a407-4010-88a0-3b8a66e68f38","eClass":"domain:Relation","data":{"name":"members","many":true,"containment":true,"targetType":"//@types.1"}}]}},{"id":"32a7b1f7-a1b2-48d8-84f8-168959b2f62a","eClass":"domain:Entity","data":{"name":"Person","attributes":[{"id":"a6e0ac05-4e99-45e0-abb4-a6fcdf0d94c8","eClass":"domain:Attribute","data":{"name":"name"}},{"id":"2de35697-7487-40c7-8cc5-44fc6cea0081","eClass":"domain:Attribute","data":{"name":"age","type":"NUMBER"}}],"relations":[{"id":"4ba53951-ec90-4a75-80f2-d4fb9367d6c1","eClass":"domain:Relation","data":{"name":"children","many":true,"targetType":"//@types.1"}}],"abstract":true}},{"id":"5c3f38de-c514-4d9d-910b-7190e3b016db","eClass":"domain:Entity","data":{"name":"Man","superTypes":["//@types.1"]}},{"id":"79b03e5d-c49c-499a-b634-3696a46ec3a2","eClass":"domain:Entity","data":{"name":"Woman","superTypes":["//@types.1"]}}]}}]}