{"id":"59d3b6e7-3505-4b86-9dbe-2259d1430146","projectId":"2322b9e9-2b11-4409-9e15-7ac9fb54fbed","descriptionId":"siriusComponents://representationDescription?kind=diagramDescription&sourceKind=view&sourceId=98180f9d-0155-4564-9be6-2514544c2520&sourceElementId=f5fdaee7-2edc-4b98-8a84-1b47943e5db1","targetObjectId":"4ae79e37-13dc-48a7-8503-bfc2ec2211c4","label":"Family Representation","kind":"siriusComponents://representation?type=Diagram","representation":{"id":"59d3b6e7-3505-4b86-9dbe-2259d1430146","kind":"siriusComponents://representation?type=Diagram","targetObjectId":"4ae79e37-13dc-48a7-8503-bfc2ec2211c4","descriptionId":"siriusComponents://representationDescription?kind=diagramDescription&sourceKind=view&sourceId=98180f9d-0155-4564-9be6-2514544c2520&sourceElementId=f5fdaee7-2edc-4b98-8a84-1b47943e5db1","label":"Family Representation","position":{"x":0.0,"y":0.0},"size":{"width":174.0,"height":219.0},"nodes":[{"id":"7e643e12-d60c-3ccb-ad23-69efcba5ee19","type":"node:rectangle","targetObjectId":"ae69a5ef-d1c1-4d99-9741-f823b30605d7","targetObjectKind":"siriusComponents://semantic?domain=tutorial&entity=Person","targetObjectLabel":"Morticia","descriptionId":"siriusComponents://nodeDescription?sourceKind=view&sourceId=98180f9d-0155-4564-9be6-2514544c2520&sourceElementId=3bebb652-d211-4a8f-9cb6-c04e9f473f74","borderNode":false,"modifiers":[],"state":"Normal","collapsingState":"EXPANDED","label":{"id":"df7230a0-e739-3dce-aca9-23ed7336102b","type":"label:inside-v_top-h_center","text":"Morticia","position":{"x":5.0,"y":5.0},"size":{"width":90.0,"height":19.399999618530273},"alignment":{"x":0.0,"y":0.0},"style":{"color":"#242055","fontSize":14,"bold":false,"italic":false,"underline":false,"strikeThrough":false,"iconURL":""}},"style":{"color":"#f7e6f0","borderColor":"#242055","borderSize":1,"borderRadius":3,"borderStyle":"Solid","withHeader":false},"childrenLayoutStrategy":{"kind":"FreeForm"},"position":{"x":6.0,"y":9.0},"size":{"width":150.0,"height":70.0},"userResizable":true,"borderNodes":[],"childNodes":[],"customizedProperties":[]},{"id":"e720f8b0-6024-3983-89b3-d900fd9c484f","type":"node:rectangle","targetObjectId":"082931e3-0790-48fb-9679-eceeeb003252","targetObjectKind":"siriusComponents://semantic?domain=tutorial&entity=Person","targetObjectLabel":"Gomez","descriptionId":"siriusComponents://nodeDescription?sourceKind=view&sourceId=98180f9d-0155-4564-9be6-2514544c2520&sourceElementId=3bebb652-d211-4a8f-9cb6-c04e9f473f74","borderNode":false,"modifiers":[],"state":"Normal","collapsingState":"EXPANDED","label":{"id":"9edfbf1e-8fc1-370e-baca-bf5b5e3f53f9","type":"label:inside-v_top-h_center","text":"Gomez","position":{"x":5.0,"y":5.0},"size":{"width":90.0,"height":19.399999618530273},"alignment":{"x":0.0,"y":0.0},"style":{"color":"#242055","fontSize":14,"bold":false,"italic":false,"underline":false,"strikeThrough":false,"iconURL":""}},"style":{"color":"#f7e6f0","borderColor":"#242055","borderSize":1,"borderRadius":3,"borderStyle":"Solid","withHeader":false},"childrenLayoutStrategy":{"kind":"FreeForm"},"position":{"x":12.0,"y":132.0},"size":{"width":150.0,"height":70.0},"userResizable":true,"borderNodes":[],"childNodes":[],"customizedProperties":[]},{"id":"7710555c-222f-3759-9778-b7cb939e5adb","type":"node:rectangle","targetObjectId":"05f2f29e-a7a3-41f6-952c-c05029729703","targetObjectKind":"siriusComponents://semantic?domain=tutorial&entity=Person","targetObjectLabel":"new Person","descriptionId":"siriusComponents://nodeDescription?sourceKind=view&sourceId=98180f9d-0155-4564-9be6-2514544c2520&sourceElementId=3bebb652-d211-4a8f-9cb6-c04e9f473f74","borderNode":false,"modifiers":[],"state":"Normal","collapsingState":"EXPANDED","label":{"id":"6e6c76ed-8bf2-39ea-9da5-d8ee7d3c63af","type":"label:inside-v_top-h_center","text":"new Person","position":{"x":5.0,"y":5.0},"size":{"width":90.0,"height":19.399999618530273},"alignment":{"x":0.0,"y":0.0},"style":{"color":"#242055","fontSize":14,"bold":false,"italic":false,"underline":false,"strikeThrough":false,"iconURL":""}},"style":{"color":"#f7e6f0","borderColor":"#242055","borderSize":1,"borderRadius":3,"borderStyle":"Solid","withHeader":false},"childrenLayoutStrategy":{"kind":"FreeForm"},"position":{"x":-312.0,"y":137.0},"size":{"width":150.0,"height":70.0},"userResizable":true,"borderNodes":[],"childNodes":[],"customizedProperties":[]}],"edges":[],"layoutData":{"nodeLayoutData":{},"edgeLayoutData":{},"labelLayoutData":{}}}}