{"id":"d7f67bea-3728-45b3-9e4d-c38bd86621e1","projectId":"eeb118f8-7f2d-4762-80d6-fb2cc57873e5","descriptionId":"siriusComponents://representationDescription?kind=diagramDescription&sourceKind=view&sourceId=4b01cc2c-e41d-4b1c-8cef-b7b8b6c993df&sourceElementId=f32a0203-a9a4-49e9-b1fc-2963bd653d30","targetObjectId":"427cdd49-9920-40fd-a767-3b08a5a80468","label":"Family Representation","kind":"siriusComponents://representation?type=Diagram","representation":{"id":"d7f67bea-3728-45b3-9e4d-c38bd86621e1","kind":"siriusComponents://representation?type=Diagram","targetObjectId":"427cdd49-9920-40fd-a767-3b08a5a80468","descriptionId":"siriusComponents://representationDescription?kind=diagramDescription&sourceKind=view&sourceId=4b01cc2c-e41d-4b1c-8cef-b7b8b6c993df&sourceElementId=f32a0203-a9a4-49e9-b1fc-2963bd653d30","label":"Family Representation","position":{"x":0.0,"y":0.0},"size":{"width":174.0,"height":214.0},"nodes":[{"id":"45553e9c-50c1-33d1-8ed1-c431bd391002","type":"node:rectangle","targetObjectId":"7a3a3d24-c5df-47f6-91db-06ce7859570f","targetObjectKind":"siriusComponents://semantic?domain=tutorial&entity=Person","targetObjectLabel":"Morticia","descriptionId":"siriusComponents://nodeDescription?sourceKind=view&sourceId=4b01cc2c-e41d-4b1c-8cef-b7b8b6c993df&sourceElementId=a0218f55-f843-4801-8168-4e836732a21b","borderNode":false,"modifiers":[],"state":"Normal","collapsingState":"EXPANDED","label":{"id":"ae103464-eed7-3008-a9b0-91ea53a07141","type":"label:inside-v_top-h_center","text":"Morticia","position":{"x":5.0,"y":5.0},"size":{"width":90.0,"height":19.399999618530273},"alignment":{"x":0.0,"y":0.0},"style":{"color":"#242055","fontSize":14,"bold":false,"italic":false,"underline":false,"strikeThrough":false,"iconURL":""}},"style":{"color":"#f7e6f0","borderColor":"#242055","borderSize":1,"borderRadius":3,"borderStyle":"Solid","withHeader":false},"childrenLayoutStrategy":{"kind":"FreeForm"},"position":{"x":12.0,"y":12.0},"size":{"width":150.0,"height":70.0},"userResizable":true,"borderNodes":[],"childNodes":[],"customizedProperties":[]},{"id":"b5531741-70b3-399d-8055-fcd0e4766d66","type":"node:rectangle","targetObjectId":"63ae0694-c3b5-41e6-9a9a-d657a6e35880","targetObjectKind":"siriusComponents://semantic?domain=tutorial&entity=Person","targetObjectLabel":"Gomez","descriptionId":"siriusComponents://nodeDescription?sourceKind=view&sourceId=4b01cc2c-e41d-4b1c-8cef-b7b8b6c993df&sourceElementId=a0218f55-f843-4801-8168-4e836732a21b","borderNode":false,"modifiers":[],"state":"Normal","collapsingState":"EXPANDED","label":{"id":"a33ac3a0-d625-356c-a501-523b314e169c","type":"label:inside-v_top-h_center","text":"Gomez","position":{"x":5.0,"y":5.0},"size":{"width":90.0,"height":19.399999618530273},"alignment":{"x":0.0,"y":0.0},"style":{"color":"#242055","fontSize":14,"bold":false,"italic":false,"underline":false,"strikeThrough":false,"iconURL":""}},"style":{"color":"#f7e6f0","borderColor":"#242055","borderSize":1,"borderRadius":3,"borderStyle":"Solid","withHeader":false},"childrenLayoutStrategy":{"kind":"FreeForm"},"position":{"x":12.0,"y":132.0},"size":{"width":150.0,"height":70.0},"userResizable":true,"borderNodes":[],"childNodes":[],"customizedProperties":[]},{"id":"104eb494-0846-359f-b9c2-b32ae53ccec6","type":"node:rectangle","targetObjectId":"fde21ad9-2b9e-46e3-971f-d49b087c4975","targetObjectKind":"siriusComponents://semantic?domain=tutorial&entity=Person","targetObjectLabel":"new Person","descriptionId":"siriusComponents://nodeDescription?sourceKind=view&sourceId=4b01cc2c-e41d-4b1c-8cef-b7b8b6c993df&sourceElementId=a0218f55-f843-4801-8168-4e836732a21b","borderNode":false,"modifiers":[],"state":"Normal","collapsingState":"EXPANDED","label":{"id":"c1addf31-a358-306b-965f-bb22bc031e3f","type":"label:inside-v_top-h_center","text":"new Person","position":{"x":5.0,"y":5.0},"size":{"width":90.0,"height":19.399999618530273},"alignment":{"x":0.0,"y":0.0},"style":{"color":"#242055","fontSize":14,"bold":false,"italic":false,"underline":false,"strikeThrough":false,"iconURL":""}},"style":{"color":"#f7e6f0","borderColor":"#242055","borderSize":1,"borderRadius":3,"borderStyle":"Solid","withHeader":false},"childrenLayoutStrategy":{"kind":"FreeForm"},"position":{"x":-235.0,"y":-11.25},"size":{"width":150.0,"height":70.0},"userResizable":true,"borderNodes":[],"childNodes":[],"customizedProperties":[]}],"edges":[],"layoutData":{"nodeLayoutData":{},"edgeLayoutData":{},"labelLayoutData":{}}}}