{"id":"dc607191-bb0d-4909-a864-fa0ed519b151","projectId":"1469e35b-60eb-408a-ae91-9ebaa9a54eb3","descriptionId":"siriusComponents://representationDescription?kind=diagramDescription&sourceKind=view&sourceId=b9009848-8509-4fd7-8d47-26a3f4a8d381&sourceElementId=c1c062be-449f-47b4-9644-2c9a351be637","targetObjectId":"928c63af-97db-44a3-bc8f-cff150d718c6","label":"Family Representation","kind":"siriusComponents://representation?type=Diagram","representation":{"id":"dc607191-bb0d-4909-a864-fa0ed519b151","kind":"siriusComponents://representation?type=Diagram","targetObjectId":"928c63af-97db-44a3-bc8f-cff150d718c6","descriptionId":"siriusComponents://representationDescription?kind=diagramDescription&sourceKind=view&sourceId=b9009848-8509-4fd7-8d47-26a3f4a8d381&sourceElementId=c1c062be-449f-47b4-9644-2c9a351be637","label":"Family Representation","position":{"x":0.0,"y":0.0},"size":{"width":275.9306640625,"height":304.197265625},"nodes":[{"id":"803132b8-01fe-3009-b3f4-446435906528","type":"node:image","targetObjectId":"e888f3e5-b8ff-4a2f-b9d2-efa76ccfc7ad","targetObjectKind":"siriusComponents://semantic?domain=tutorial&entity=StarTrekFan","targetObjectLabel":"Morticia","descriptionId":"siriusComponents://nodeDescription?sourceKind=view&sourceId=b9009848-8509-4fd7-8d47-26a3f4a8d381&sourceElementId=ecdcf336-44af-444c-b105-0521bdace449","borderNode":false,"modifiers":[],"state":"Normal","collapsingState":"EXPANDED","label":{"id":"d9a9a4aa-310e-39e3-89ae-515b73c605af","type":"label:outside-center","text":"Morticia","position":{"x":10.49658203125,"y":-21.0986328125},"size":{"width":49.0068359375,"height":16.0986328125},"alignment":{"x":0.0,"y":12.673828125},"style":{"color":"#242055","fontSize":14,"bold":false,"italic":false,"underline":false,"strikeThrough":false,"iconURL":""}},"style":{"imageURL":"/custom/7b27ed7a-9e5d-34c1-b4a7-d863d354a113","scalingFactor":1,"borderColor":"black","borderSize":0,"borderRadius":3,"borderStyle":"Solid"},"childrenLayoutStrategy":{"kind":"FreeForm"},"position":{"x":12.0,"y":40.78199571781637},"size":{"width":70.0,"height":70.0},"userResizable":true,"borderNodes":[],"childNodes":[],"customizedProperties":[]},{"id":"2ee52fbe-4b40-3143-9825-bf5fea300752","type":"node:image","targetObjectId":"5cf13669-bbeb-41ff-873d-762a1dd8622a","targetObjectKind":"siriusComponents://semantic?domain=tutorial&entity=StarWarsFan","targetObjectLabel":"Gomez","descriptionId":"siriusComponents://nodeDescription?sourceKind=view&sourceId=b9009848-8509-4fd7-8d47-26a3f4a8d381&sourceElementId=ecdcf336-44af-444c-b105-0521bdace449","borderNode":false,"modifiers":[],"state":"Normal","collapsingState":"EXPANDED","label":{"id":"e89547d3-0bc2-3943-8f32-9a8882a8a585","type":"label:outside-center","text":"Gomez","position":{"x":12.43798828125,"y":-21.0986328125},"size":{"width":45.1240234375,"height":16.0986328125},"alignment":{"x":0.0,"y":12.673828125},"style":{"color":"#242055","fontSize":14,"bold":false,"italic":false,"underline":false,"strikeThrough":false,"iconURL":""}},"style":{"imageURL":"/custom/71e2224c-c654-35a1-a293-8676b5d68a59","scalingFactor":1,"borderColor":"black","borderSize":0,"borderRadius":3,"borderStyle":"Solid"},"childrenLayoutStrategy":{"kind":"FreeForm"},"position":{"x":12.0,"y":198.197265625},"size":{"width":70.0,"height":70.0},"userResizable":true,"borderNodes":[],"childNodes":[],"customizedProperties":[]},{"id":"630891a3-4c93-3b83-bfc3-6d58513fb713","type":"node:image","targetObjectId":"04efc2d9-cb13-44d9-b233-b8dac1b4604d","targetObjectKind":"siriusComponents://semantic?domain=tutorial&entity=StarTrekFan","targetObjectLabel":"Wednesday","descriptionId":"siriusComponents://nodeDescription?sourceKind=view&sourceId=b9009848-8509-4fd7-8d47-26a3f4a8d381&sourceElementId=ecdcf336-44af-444c-b105-0521bdace449","borderNode":false,"modifiers":[],"state":"Normal","collapsingState":"EXPANDED","label":{"id":"bbcd8df3-a31e-3fc2-a496-b063669ee05d","type":"label:outside-center","text":"Wednesday","position":{"x":-1.96533203125,"y":-21.0986328125},"size":{"width":73.9306640625,"height":16.0986328125},"alignment":{"x":0.0,"y":12.673828125},"style":{"color":"#242055","fontSize":14,"bold":false,"italic":false,"underline":false,"strikeThrough":false,"iconURL":""}},"style":{"imageURL":"/custom/7b27ed7a-9e5d-34c1-b4a7-d863d354a113","scalingFactor":1,"borderColor":"black","borderSize":0,"borderRadius":3,"borderStyle":"Solid"},"childrenLayoutStrategy":{"kind":"FreeForm"},"position":{"x":169.29286981656415,"y":47.11886457088459},"size":{"width":70.0,"height":70.0},"userResizable":true,"borderNodes":[],"childNodes":[],"customizedProperties":[]}],"edges":[{"id":"30d0a9df-9eb7-3462-9441-fbd66abb0898","type":"edge:straight","targetObjectId":"e888f3e5-b8ff-4a2f-b9d2-efa76ccfc7ad","targetObjectKind":"siriusComponents://semantic?domain=tutorial&entity=StarTrekFan","targetObjectLabel":"Morticia","descriptionId":"siriusComponents://edgeDescription?sourceKind=view&sourceId=b9009848-8509-4fd7-8d47-26a3f4a8d381&sourceElementId=a3976073-2e7a-4f56-bd10-766792d62278","beginLabel":null,"centerLabel":null,"endLabel":null,"sourceId":"803132b8-01fe-3009-b3f4-446435906528","targetId":"630891a3-4c93-3b83-bfc3-6d58513fb713","modifiers":[],"state":"Normal","style":{"size":1,"lineStyle":"Solid","sourceArrow":"None","targetArrow":"InputArrow","color":"#242055"},"routingPoints":[],"sourceAnchorRelativePosition":{"x":0.5,"y":0.5},"targetAnchorRelativePosition":{"x":0.5,"y":0.33333333333333326}},{"id":"d896c48c-135c-375f-a6c9-dcd303ceb60b","type":"edge:straight","targetObjectId":"5cf13669-bbeb-41ff-873d-762a1dd8622a","targetObjectKind":"siriusComponents://semantic?domain=tutorial&entity=StarWarsFan","targetObjectLabel":"Gomez","descriptionId":"siriusComponents://edgeDescription?sourceKind=view&sourceId=b9009848-8509-4fd7-8d47-26a3f4a8d381&sourceElementId=a3976073-2e7a-4f56-bd10-766792d62278","beginLabel":null,"centerLabel":null,"endLabel":null,"sourceId":"2ee52fbe-4b40-3143-9825-bf5fea300752","targetId":"630891a3-4c93-3b83-bfc3-6d58513fb713","modifiers":[],"state":"Normal","style":{"size":1,"lineStyle":"Solid","sourceArrow":"None","targetArrow":"InputArrow","color":"#242055"},"routingPoints":[{"x":135.45118836390597,"y":228.7329165421792},{"x":133.25594181952988,"y":101.00454506004684}],"sourceAnchorRelativePosition":{"x":0.5,"y":0.5},"targetAnchorRelativePosition":{"x":0.5,"y":0.6666666666666667}}],"layoutData":{"nodeLayoutData":{},"edgeLayoutData":{},"labelLayoutData":{}}}}