{"id":"42c88f55-5e71-4dab-815d-f01108d9a570","projectId":"f4ce1db7-5c22-4a31-9200-58250fb5cc0e","descriptionId":"02384925-06cb-34f7-8d8a-4387e41b77a5","targetObjectId":"777eae94-b259-44cd-906d-2b656e1bb2be","label":"Domain","kind":"siriusComponents://representation?type=Diagram","representation":{"id":"42c88f55-5e71-4dab-815d-f01108d9a570","kind":"siriusComponents://representation?type=Diagram","targetObjectId":"777eae94-b259-44cd-906d-2b656e1bb2be","descriptionId":"02384925-06cb-34f7-8d8a-4387e41b77a5","label":"Domain","position":{"x":0.0,"y":0.0},"size":{"width":751.0,"height":292.197265625},"nodes":[{"id":"37fac449-c4c8-3c0f-b647-b67d7e2bfc91","type":"node:rectangle","targetObjectId":"889676c9-38bd-41b7-85e5-e35e190a30bb","targetObjectKind":"siriusComponents://semantic?domain=domain&entity=Entity","targetObjectLabel":"Family","descriptionId":"f46faeb4-9a50-313b-9a52-27cafbf3ba56","borderNode":false,"modifiers":[],"state":"Normal","collapsingState":"EXPANDED","label":{"id":"463ac75a-9eda-3777-a2f0-8dcf498f62d7","type":"label:inside-center","text":"Family","position":{"x":41.4453125,"y":5.0},"size":{"width":67.109375,"height":18.3984375},"alignment":{"x":20.0,"y":14.484375},"style":{"color":"#000000","fontSize":16,"bold":false,"italic":false,"underline":false,"strikeThrough":false,"iconURL":"/icons/full/obj16/Entity.svg"}},"style":{"color":"#fafafa","borderColor":"#fbb800","borderSize":3,"borderRadius":8,"borderStyle":"Solid","withHeader":true},"childrenLayoutStrategy":{"kind":"List"},"position":{"x":124.4365234375,"y":28.0},"size":{"width":150.0,"height":70.0},"userResizable":true,"borderNodes":[],"childNodes":[{"id":"88280fe7-063d-385c-85f5-4295435fecff","type":"node:icon-label","targetObjectId":"446513be-1466-44b6-adf4-aa96031ac0d9","targetObjectKind":"siriusComponents://semantic?domain=domain&entity=Attribute","targetObjectLabel":"name","descriptionId":"b4c3f307-569b-34e8-84d4-c1adad1148dd","borderNode":false,"modifiers":[],"state":"Normal","collapsingState":"EXPANDED","label":{"id":"743470c4-4c90-31f9-8e63-f2b23bd4bbe5","type":"label:inside-center","text":"name","position":{"x":5.0,"y":0.0},"size":{"width":50.017578125,"height":13.798828125},"alignment":{"x":20.0,"y":10.86328125},"style":{"color":"#424242","fontSize":12,"bold":false,"italic":false,"underline":false,"strikeThrough":false,"iconURL":"/icons/full/obj16/StringAttribute.svg"}},"style":{"backgroundColor":"transparent"},"childrenLayoutStrategy":null,"position":{"x":0.0,"y":36.3984375},"size":{"width":150.0,"height":13.798828125},"userResizable":true,"borderNodes":[],"childNodes":[],"customizedProperties":[]}],"customizedProperties":[]},{"id":"e451f1f6-360a-342b-9e7b-b44e4e88ca02","type":"node:rectangle","targetObjectId":"ef0506f4-f337-4381-a543-29141a1433f5","targetObjectKind":"siriusComponents://semantic?domain=domain&entity=Entity","targetObjectLabel":"Person","descriptionId":"f46faeb4-9a50-313b-9a52-27cafbf3ba56","borderNode":false,"modifiers":[],"state":"Normal","collapsingState":"EXPANDED","label":{"id":"e42bfcda-7fa6-3066-9249-1f2dad19c76d","type":"label:inside-center","text":"Person","position":{"x":39.65234375,"y":5.0},"size":{"width":70.6953125,"height":18.3984375},"alignment":{"x":20.0,"y":14.484375},"style":{"color":"#000000","fontSize":16,"bold":false,"italic":true,"underline":false,"strikeThrough":false,"iconURL":"/icons/full/obj16/Entity.svg"}},"style":{"color":"#fafafa","borderColor":"#757575","borderSize":3,"borderRadius":8,"borderStyle":"Solid","withHeader":true},"childrenLayoutStrategy":{"kind":"List"},"position":{"x":389.3623046875,"y":28.0986328125},"size":{"width":150.0,"height":70.0},"userResizable":true,"borderNodes":[],"childNodes":[{"id":"02f6e5a0-5b92-367b-b780-71dc8c9b8874","type":"node:icon-label","targetObjectId":"a840ef7c-bf3b-4db6-a3f8-5cf8ce461bec","targetObjectKind":"siriusComponents://semantic?domain=domain&entity=Attribute","targetObjectLabel":"name","descriptionId":"b4c3f307-569b-34e8-84d4-c1adad1148dd","borderNode":false,"modifiers":[],"state":"Normal","collapsingState":"EXPANDED","label":{"id":"a47a630a-49de-30b9-94cf-7344d02e43fb","type":"label:inside-center","text":"name","position":{"x":5.0,"y":0.0},"size":{"width":50.017578125,"height":13.798828125},"alignment":{"x":20.0,"y":10.86328125},"style":{"color":"#424242","fontSize":12,"bold":false,"italic":false,"underline":false,"strikeThrough":false,"iconURL":"/icons/full/obj16/StringAttribute.svg"}},"style":{"backgroundColor":"transparent"},"childrenLayoutStrategy":null,"position":{"x":0.0,"y":36.3984375},"size":{"width":150.0,"height":13.798828125},"userResizable":true,"borderNodes":[],"childNodes":[],"customizedProperties":[]}],"customizedProperties":[]},{"id":"910428c9-c6a0-36eb-819d-f5f6087751a7","type":"node:rectangle","targetObjectId":"e5dcaf56-607a-41d6-9657-f2cc813c6962","targetObjectKind":"siriusComponents://semantic?domain=domain&entity=Entity","targetObjectLabel":"StarWarsFan","descriptionId":"f46faeb4-9a50-313b-9a52-27cafbf3ba56","borderNode":false,"modifiers":[],"state":"Normal","collapsingState":"EXPANDED","label":{"id":"03cfae5c-db5a-302a-8422-2b7ead35e4a9","type":"label:inside-center","text":"StarWarsFan","position":{"x":17.87890625,"y":5.0},"size":{"width":114.2421875,"height":18.3984375},"alignment":{"x":20.0,"y":14.484375},"style":{"color":"#000000","fontSize":16,"bold":false,"italic":false,"underline":false,"strikeThrough":false,"iconURL":"/icons/full/obj16/Entity.svg"}},"style":{"color":"#fafafa","borderColor":"#fbb800","borderSize":3,"borderRadius":8,"borderStyle":"Solid","withHeader":true},"childrenLayoutStrategy":{"kind":"List"},"position":{"x":296.0,"y":202.197265625},"size":{"width":150.0,"height":70.0},"userResizable":true,"borderNodes":[],"childNodes":[],"customizedProperties":[]},{"id":"fa8a45d1-2932-3608-b3e8-aa976a7be1c7","type":"node:rectangle","targetObjectId":"b05c9fc4-83d5-4842-9447-642c4611c37e","targetObjectKind":"siriusComponents://semantic?domain=domain&entity=Entity","targetObjectLabel":"StarTrekFan","descriptionId":"f46faeb4-9a50-313b-9a52-27cafbf3ba56","borderNode":false,"modifiers":[],"state":"Normal","collapsingState":"EXPANDED","label":{"id":"dd63ab9c-3ccc-3682-9c72-a15d1b5f7ec4","type":"label:inside-center","text":"StarTrekFan","position":{"x":20.54296875,"y":5.0},"size":{"width":108.9140625,"height":18.3984375},"alignment":{"x":20.0,"y":14.484375},"style":{"color":"#000000","fontSize":16,"bold":false,"italic":false,"underline":false,"strikeThrough":false,"iconURL":"/icons/full/obj16/Entity.svg"}},"style":{"color":"#fafafa","borderColor":"#fbb800","borderSize":3,"borderRadius":8,"borderStyle":"Solid","withHeader":true},"childrenLayoutStrategy":{"kind":"List"},"position":{"x":480.0,"y":202.197265625},"size":{"width":150.0,"height":70.0},"userResizable":true,"borderNodes":[],"childNodes":[],"customizedProperties":[]}],"edges":[{"id":"1b09cb96-cc1d-3a40-a38d-d0cc39292a32","type":"edge:straight","targetObjectId":"fe3cbbf8-97b2-4b71-bce9-f161b4c68a38","targetObjectKind":"siriusComponents://semantic?domain=domain&entity=Relation","targetObjectLabel":"members","descriptionId":"acc34092-d37f-3136-98ec-fb4d406031ca","beginLabel":null,"centerLabel":{"id":"9ee13998-02e6-3c31-8416-731437f2b986","type":"label:edge-center","text":"members [0..*]","position":{"x":292.8876953125,"y":57.29931640625},"size":{"width":78.0234375,"height":13.798828125},"alignment":{"x":0.0,"y":10.86328125},"style":{"color":"#424242","fontSize":12,"bold":false,"italic":false,"underline":false,"strikeThrough":false,"iconURL":""}},"endLabel":null,"sourceId":"37fac449-c4c8-3c0f-b647-b67d7e2bfc91","targetId":"e451f1f6-360a-342b-9e7b-b44e4e88ca02","modifiers":[],"state":"Normal","style":{"size":1,"lineStyle":"Solid","sourceArrow":"FillDiamond","targetArrow":"InputArrow","color":"#000000"},"routingPoints":[],"sourceAnchorRelativePosition":{"x":0.5,"y":0.5},"targetAnchorRelativePosition":{"x":0.5,"y":0.25}},{"id":"8320149b-5385-383c-b429-6dae7160e26e","type":"edge:straight","targetObjectId":"50967c11-5652-4b84-b939-65ac82899420","targetObjectKind":"siriusComponents://semantic?domain=domain&entity=Relation","targetObjectLabel":"children","descriptionId":"acc34092-d37f-3136-98ec-fb4d406031ca","beginLabel":null,"centerLabel":{"id":"1fa00bbd-bce8-358e-b70d-512e04d69946","type":"label:edge-center","text":"children [0..*]","position":{"x":429.34375,"y":1.2998046875},"size":{"width":70.037109375,"height":13.798828125},"alignment":{"x":0.0,"y":10.86328125},"style":{"color":"#424242","fontSize":12,"bold":false,"italic":false,"underline":false,"strikeThrough":false,"iconURL":""}},"endLabel":null,"sourceId":"e451f1f6-360a-342b-9e7b-b44e4e88ca02","targetId":"e451f1f6-360a-342b-9e7b-b44e4e88ca02","modifiers":[],"state":"Normal","style":{"size":1,"lineStyle":"Solid","sourceArrow":"None","targetArrow":"InputArrow","color":"#888888"},"routingPoints":[{"x":439.3623046875,"y":18.0986328125},{"x":489.3623046875,"y":18.0986328125}],"sourceAnchorRelativePosition":{"x":0.3333333333333333,"y":0.5},"targetAnchorRelativePosition":{"x":0.6666666666666666,"y":0.5}},{"id":"4dac4723-2a44-376c-8e94-d7fceee1feaf","type":"edge:straight","targetObjectId":"e5dcaf56-607a-41d6-9657-f2cc813c6962","targetObjectKind":"siriusComponents://semantic?domain=domain&entity=Entity","targetObjectLabel":"StarWarsFan","descriptionId":"449dd2f5-3205-3504-84d4-060e4f53b866","beginLabel":null,"centerLabel":{"id":"e501a30b-80e6-3096-9a1e-98b867d65600","type":"label:edge-center","text":"","position":{"x":417.68115234375,"y":153.14794921875},"size":{"width":0.0,"height":13.798828125},"alignment":{"x":0.0,"y":10.86328125},"style":{"color":"#000000","fontSize":12,"bold":false,"italic":false,"underline":false,"strikeThrough":false,"iconURL":""}},"endLabel":null,"sourceId":"910428c9-c6a0-36eb-819d-f5f6087751a7","targetId":"e451f1f6-360a-342b-9e7b-b44e4e88ca02","modifiers":[],"state":"Normal","style":{"size":1,"lineStyle":"Solid","sourceArrow":"None","targetArrow":"InputClosedArrow","color":"#757575"},"routingPoints":[],"sourceAnchorRelativePosition":{"x":0.5,"y":0.5},"targetAnchorRelativePosition":{"x":0.5,"y":0.5}},{"id":"9b6b056d-e378-3dfd-97ed-94ef1bca203c","type":"edge:straight","targetObjectId":"b05c9fc4-83d5-4842-9447-642c4611c37e","targetObjectKind":"siriusComponents://semantic?domain=domain&entity=Entity","targetObjectLabel":"StarTrekFan","descriptionId":"449dd2f5-3205-3504-84d4-060e4f53b866","beginLabel":null,"centerLabel":{"id":"c2ebd35e-9ddd-374e-8b28-b35dfb1cba2d","type":"label:edge-center","text":"","position":{"x":504.61674137322797,"y":153.14794921875},"size":{"width":0.0,"height":13.798828125},"alignment":{"x":0.0,"y":10.86328125},"style":{"color":"#000000","fontSize":12,"bold":false,"italic":false,"underline":false,"strikeThrough":false,"iconURL":""}},"endLabel":null,"sourceId":"fa8a45d1-2932-3608-b3e8-aa976a7be1c7","targetId":"e451f1f6-360a-342b-9e7b-b44e4e88ca02","modifiers":[],"state":"Normal","style":{"size":1,"lineStyle":"Solid","sourceArrow":"None","targetArrow":"InputClosedArrow","color":"#757575"},"routingPoints":[],"sourceAnchorRelativePosition":{"x":0.5,"y":0.5},"targetAnchorRelativePosition":{"x":0.5,"y":0.75}}],"layoutData":{"nodeLayoutData":{},"edgeLayoutData":{},"labelLayoutData":{}}}}