{"id":"5445968d-6119-402d-9261-572763c27636","projectId":"44ec422c-4309-439c-b10d-56b1ca0e6118","descriptionId":"02384925-06cb-34f7-8d8a-4387e41b77a5","targetObjectId":"16b6b181-d653-414a-ad6c-2f0be565eff8","label":"Domain","kind":"siriusComponents://representation?type=Diagram","representation":{"id":"5445968d-6119-402d-9261-572763c27636","kind":"siriusComponents://representation?type=Diagram","targetObjectId":"16b6b181-d653-414a-ad6c-2f0be565eff8","descriptionId":"02384925-06cb-34f7-8d8a-4387e41b77a5","label":"Domain","position":{"x":0.0,"y":0.0},"size":{"width":694.0,"height":351.3505859375},"nodes":[{"id":"b024e9f2-9792-37a2-adda-8da42421bf22","type":"node:rectangle","targetObjectId":"9157ea6d-6a48-4513-bd67-0ee55ef40791","targetObjectKind":"siriusComponents://semantic?domain=domain&entity=Entity","targetObjectLabel":"Family","descriptionId":"f46faeb4-9a50-313b-9a52-27cafbf3ba56","borderNode":false,"modifiers":[],"state":"Normal","collapsingState":"EXPANDED","label":{"id":"bd1cc1ae-23a5-3400-b689-da3441e69bde","type":"label:inside-center","text":"Family","position":{"x":41.4453125,"y":5.0},"size":{"width":67.109375,"height":18.3984375},"alignment":{"x":20.0,"y":14.484375},"style":{"color":"#000000","fontSize":16,"bold":false,"italic":false,"underline":false,"strikeThrough":false,"iconURL":"/icons/full/obj16/Entity.svg"}},"style":{"color":"#fafafa","borderColor":"#fbb800","borderSize":3,"borderRadius":8,"borderStyle":"Solid","withHeader":true},"childrenLayoutStrategy":{"kind":"List"},"position":{"x":168.0,"y":111.0},"size":{"width":150.0,"height":70.0},"userResizable":true,"borderNodes":[],"childNodes":[{"id":"bee5c76d-3503-3bb5-9776-60cc38cf95f1","type":"node:icon-label","targetObjectId":"6b6c4b8d-1352-4f07-8840-24b2ecab7a2c","targetObjectKind":"siriusComponents://semantic?domain=domain&entity=Attribute","targetObjectLabel":"name","descriptionId":"b4c3f307-569b-34e8-84d4-c1adad1148dd","borderNode":false,"modifiers":[],"state":"Normal","collapsingState":"EXPANDED","label":{"id":"025b0894-66a5-3e06-be79-e9f27c78c629","type":"label:inside-center","text":"name","position":{"x":5.0,"y":0.0},"size":{"width":50.017578125,"height":13.798828125},"alignment":{"x":20.0,"y":10.86328125},"style":{"color":"#424242","fontSize":12,"bold":false,"italic":false,"underline":false,"strikeThrough":false,"iconURL":"/icons/full/obj16/StringAttribute.svg"}},"style":{"backgroundColor":"transparent"},"childrenLayoutStrategy":null,"position":{"x":0.0,"y":36.3984375},"size":{"width":150.0,"height":13.798828125},"userResizable":true,"borderNodes":[],"childNodes":[],"customizedProperties":[]}],"customizedProperties":[]},{"id":"e75b273c-e082-3055-8367-7cf3442d0002","type":"node:rectangle","targetObjectId":"e7113cc1-b2f9-4fbf-914b-e6f9a7a43cf1","targetObjectKind":"siriusComponents://semantic?domain=domain&entity=Entity","targetObjectLabel":"Person","descriptionId":"f46faeb4-9a50-313b-9a52-27cafbf3ba56","borderNode":false,"modifiers":[],"state":"Normal","collapsingState":"EXPANDED","label":{"id":"fe02155b-8a9d-3607-8f11-da96f9ee6969","type":"label:inside-center","text":"Person","position":{"x":39.65234375,"y":5.0},"size":{"width":70.6953125,"height":18.3984375},"alignment":{"x":20.0,"y":14.484375},"style":{"color":"#000000","fontSize":16,"bold":false,"italic":true,"underline":false,"strikeThrough":false,"iconURL":"/icons/full/obj16/Entity.svg"}},"style":{"color":"#fafafa","borderColor":"#757575","borderSize":3,"borderRadius":8,"borderStyle":"Solid","withHeader":true},"childrenLayoutStrategy":{"kind":"List"},"position":{"x":443.0,"y":112.0},"size":{"width":150.0,"height":70.0},"userResizable":true,"borderNodes":[],"childNodes":[{"id":"27e6c72f-fb96-3533-a3cd-e38e558a0a68","type":"node:icon-label","targetObjectId":"df52923b-740f-49b5-aa07-f2a27ac3f848","targetObjectKind":"siriusComponents://semantic?domain=domain&entity=Attribute","targetObjectLabel":"name","descriptionId":"b4c3f307-569b-34e8-84d4-c1adad1148dd","borderNode":false,"modifiers":[],"state":"Normal","collapsingState":"EXPANDED","label":{"id":"41f1bb9e-d4f0-37a6-824d-d4a476e734f5","type":"label:inside-center","text":"name","position":{"x":5.0,"y":0.0},"size":{"width":50.017578125,"height":13.798828125},"alignment":{"x":20.0,"y":10.86328125},"style":{"color":"#424242","fontSize":12,"bold":false,"italic":false,"underline":false,"strikeThrough":false,"iconURL":"/icons/full/obj16/StringAttribute.svg"}},"style":{"backgroundColor":"transparent"},"childrenLayoutStrategy":null,"position":{"x":0.0,"y":36.3984375},"size":{"width":150.0,"height":13.798828125},"userResizable":true,"borderNodes":[],"childNodes":[],"customizedProperties":[]}],"customizedProperties":[]},{"id":"e08c38a4-959a-3cc3-b949-7f3c162100fc","type":"node:rectangle","targetObjectId":"478c44dc-7121-41d2-8cef-87e4e17bb7dd","targetObjectKind":"siriusComponents://semantic?domain=domain&entity=Entity","targetObjectLabel":"Man","descriptionId":"f46faeb4-9a50-313b-9a52-27cafbf3ba56","borderNode":false,"modifiers":[],"state":"Normal","collapsingState":"EXPANDED","label":{"id":"19ec9d16-c517-3950-a6f2-8a7677704ab0","type":"label:inside-center","text":"Man","position":{"x":49.4375,"y":5.0},"size":{"width":51.125,"height":18.3984375},"alignment":{"x":20.0,"y":14.484375},"style":{"color":"#000000","fontSize":16,"bold":false,"italic":false,"underline":false,"strikeThrough":false,"iconURL":"/icons/full/obj16/Entity.svg"}},"style":{"color":"#fafafa","borderColor":"#fbb800","borderSize":3,"borderRadius":8,"borderStyle":"Solid","withHeader":true},"childrenLayoutStrategy":{"kind":"List"},"position":{"x":304.0,"y":266.3505859375},"size":{"width":150.0,"height":70.0},"userResizable":true,"borderNodes":[],"childNodes":[],"customizedProperties":[]},{"id":"91c84c91-4a04-3132-9290-a43dd5ad337f","type":"node:rectangle","targetObjectId":"bd8d8563-13b4-4fc8-9927-1177091bcbf6","targetObjectKind":"siriusComponents://semantic?domain=domain&entity=Entity","targetObjectLabel":"Woman","descriptionId":"f46faeb4-9a50-313b-9a52-27cafbf3ba56","borderNode":false,"modifiers":[],"state":"Normal","collapsingState":"EXPANDED","label":{"id":"49af46ba-03e7-3d65-9634-6ae6c0dda2ee","type":"label:inside-center","text":"Woman","position":{"x":37.4375,"y":5.0},"size":{"width":75.125,"height":18.3984375},"alignment":{"x":20.0,"y":14.484375},"style":{"color":"#000000","fontSize":16,"bold":false,"italic":false,"underline":false,"strikeThrough":false,"iconURL":"/icons/full/obj16/Entity.svg"}},"style":{"color":"#fafafa","borderColor":"#fbb800","borderSize":3,"borderRadius":8,"borderStyle":"Solid","withHeader":true},"childrenLayoutStrategy":{"kind":"List"},"position":{"x":532.0,"y":269.3505859375},"size":{"width":150.0,"height":70.0},"userResizable":true,"borderNodes":[],"childNodes":[],"customizedProperties":[]}],"edges":[{"id":"a4797b5d-c570-3f3c-9d1e-8ec4e955484a","type":"edge:straight","targetObjectId":"16756fa9-a6b4-4da9-8794-0cdf2540b197","targetObjectKind":"siriusComponents://semantic?domain=domain&entity=Relation","targetObjectLabel":"members","descriptionId":"acc34092-d37f-3136-98ec-fb4d406031ca","beginLabel":null,"centerLabel":{"id":"85081ed9-7fa4-36e1-8ca1-d379e1495ae5","type":"label:edge-center","text":"members [0..*]","position":{"x":345.1474609375,"y":157.19911504424778},"size":{"width":78.0234375,"height":13.798828125},"alignment":{"x":0.0,"y":10.86328125},"style":{"color":"#424242","fontSize":12,"bold":false,"italic":false,"underline":false,"strikeThrough":false,"iconURL":""}},"endLabel":null,"sourceId":"b024e9f2-9792-37a2-adda-8da42421bf22","targetId":"e75b273c-e082-3055-8367-7cf3442d0002","modifiers":[],"state":"Normal","style":{"size":1,"lineStyle":"Solid","sourceArrow":"FillDiamond","targetArrow":"InputArrow","color":"#000000"},"routingPoints":[],"sourceAnchorRelativePosition":{"x":0.5133333333333333,"y":0.6},"targetAnchorRelativePosition":{"x":0.18666666666666668,"y":0.6142857142857143}},{"id":"5ffb2ca8-a8ee-392b-9438-705ce44b5d71","type":"edge:straight","targetObjectId":"69f2a054-0cdb-41de-958d-8958335ea083","targetObjectKind":"siriusComponents://semantic?domain=domain&entity=Relation","targetObjectLabel":"children","descriptionId":"acc34092-d37f-3136-98ec-fb4d406031ca","beginLabel":null,"centerLabel":{"id":"3dfc34e6-eb62-3417-bfce-7679fd2853a2","type":"label:edge-center","text":"children [0..*]","position":{"x":484.6455078125,"y":85.201171875},"size":{"width":70.037109375,"height":13.798828125},"alignment":{"x":0.0,"y":10.86328125},"style":{"color":"#424242","fontSize":12,"bold":false,"italic":false,"underline":false,"strikeThrough":false,"iconURL":""}},"endLabel":null,"sourceId":"e75b273c-e082-3055-8367-7cf3442d0002","targetId":"e75b273c-e082-3055-8367-7cf3442d0002","modifiers":[],"state":"Normal","style":{"size":1,"lineStyle":"Solid","sourceArrow":"None","targetArrow":"InputArrow","color":"#888888"},"routingPoints":[{"x":493.0,"y":102.0},{"x":543.0,"y":102.0}],"sourceAnchorRelativePosition":{"x":0.85,"y":0.18928571428571428},"targetAnchorRelativePosition":{"x":0.8366666666666667,"y":0.8178571428571428}},{"id":"a7a26c21-9e2b-33fa-a288-ce43d42f120c","type":"edge:straight","targetObjectId":"478c44dc-7121-41d2-8cef-87e4e17bb7dd","targetObjectKind":"siriusComponents://semantic?domain=domain&entity=Entity","targetObjectLabel":"Man","descriptionId":"449dd2f5-3205-3504-84d4-060e4f53b866","beginLabel":null,"centerLabel":{"id":"27ab6d84-58b8-3749-ac4b-a350f9ec5d96","type":"label:edge-center","text":"","position":{"x":448.5,"y":227.17529296875},"size":{"width":0.0,"height":13.798828125},"alignment":{"x":0.0,"y":10.86328125},"style":{"color":"#000000","fontSize":12,"bold":false,"italic":false,"underline":false,"strikeThrough":false,"iconURL":""}},"endLabel":null,"sourceId":"e08c38a4-959a-3cc3-b949-7f3c162100fc","targetId":"e75b273c-e082-3055-8367-7cf3442d0002","modifiers":[],"state":"Normal","style":{"size":1,"lineStyle":"Solid","sourceArrow":"None","targetArrow":"InputClosedArrow","color":"#757575"},"routingPoints":[],"sourceAnchorRelativePosition":{"x":0.5,"y":0.5},"targetAnchorRelativePosition":{"x":0.5,"y":0.5}},{"id":"57dda1e2-bcbd-380d-8632-de541b2e6bfc","type":"edge:straight","targetObjectId":"bd8d8563-13b4-4fc8-9927-1177091bcbf6","targetObjectKind":"siriusComponents://semantic?domain=domain&entity=Entity","targetObjectLabel":"Woman","descriptionId":"449dd2f5-3205-3504-84d4-060e4f53b866","beginLabel":null,"centerLabel":{"id":"3d6c9f0e-58a4-3f3e-b95b-18b6f948f024","type":"label:edge-center","text":"","position":{"x":562.5,"y":228.67529296875},"size":{"width":0.0,"height":13.798828125},"alignment":{"x":0.0,"y":10.86328125},"style":{"color":"#000000","fontSize":12,"bold":false,"italic":false,"underline":false,"strikeThrough":false,"iconURL":""}},"endLabel":null,"sourceId":"91c84c91-4a04-3132-9290-a43dd5ad337f","targetId":"e75b273c-e082-3055-8367-7cf3442d0002","modifiers":[],"state":"Normal","style":{"size":1,"lineStyle":"Solid","sourceArrow":"None","targetArrow":"InputClosedArrow","color":"#757575"},"routingPoints":[],"sourceAnchorRelativePosition":{"x":0.5,"y":0.5},"targetAnchorRelativePosition":{"x":0.5,"y":0.5}}],"layoutData":{"nodeLayoutData":{},"edgeLayoutData":{},"labelLayoutData":{}}}}