{"json":{"version":"1.0","encoding":"utf-8"},"ns":{"tutorial":"domain://tutorial"},"content":[{"id":"9385eeeb-57aa-42a9-99ba-099cfb001617","eClass":"tutorial:Family","data":{"name":"Addams","members":[{"id":"51f0a6d7-f3e6-4f99-9557-793c938036c9","eClass":"tutorial:Woman","data":{"name":"Morticia","age":30,"children":["//@members.2"]}},{"id":"a33f750a-7bc9-415a-a90e-d9bc5b8ae4ff","eClass":"tutorial:Man","data":{"name":"Gomez","age":28,"children":["//@members.2"]}},{"id":"deeffc9f-c813-4cbb-b412-924c64ad7389","eClass":"tutorial:Woman","data":{"name":"Wednesday","age":12}},{"id":"1723f437-1a3e-4e11-91cc-0efef1220ad7","eClass":"tutorial:Man","data":{"name":"Pugsley","age":8}}]}}]}