{"json":{"version":"1.0","encoding":"utf-8"},"ns":{"tutorial":"domain://tutorial"},"content":[{"id":"7c156794-da9e-41b8-9819-a24c5347ee4c","eClass":"tutorial:Family","data":{"name":"Addams","members":[{"id":"15bf878a-3e1e-4ff9-96d4-e1032ead8478","eClass":"tutorial:StarTrekFan","data":{"name":"Morticia","age":30,"children":["//@members.2"]}},{"id":"b2653976-a199-4b1b-9ca8-350b05cb7542","eClass":"tutorial:StarWarsFan","data":{"name":"Gomez","age":25,"children":["//@members.2"]}},{"id":"5784d028-05ad-455c-a46a-2711f74aca2f","eClass":"tutorial:StarTrekFan","data":{"name":"Wednesday","age":13}},{"id":"00667569-1a16-45db-a086-70760bb0077b","eClass":"tutorial:StarTrekFan","data":{"name":"Pugsley","age":9}}]}}]}