{"json":{"version":"1.0","encoding":"utf-8"},"ns":{"diagram":"http://www.eclipse.org/sirius-web/diagram","view":"http://www.eclipse.org/sirius-web/view"},"content":[{"id":"fafef866-853d-4f19-8a2a-0da3949a3bdd","eClass":"view:View","data":{"descriptions":[{"id":"02581258-ea45-4353-8c13-21266e1c3c68","eClass":"diagram:DiagramDescription","data":{"name":"Family Diagram Description","domainType":"tutorial::Family","titleExpression":"aql:'Family Representation'","palette":{"id":"a10c8381-632e-45c5-8370-e16a37e9b442","eClass":"diagram:DiagramPalette","data":{"nodeTools":[{"id":"7b1735dc-730d-4958-a122-453538ac2f6c","eClass":"diagram:NodeTool","data":{"name":"Woman","body":[{"id":"d290a38d-a55f-4bd7-b875-a13c6565b08d","eClass":"view:CreateInstance","data":{"children":[{"id":"999d15af-2681-4bd6-a4d6-6ab9c90b1710","eClass":"view:ChangeContext","data":{"children":[{"id":"49920b37-73c3-4605-8090-c4b8dbe40e41","eClass":"view:SetValue","data":{"featureName":"name","valueExpression":"new Woman"}}],"expression":"aql:newWoman"}}],"typeName":"tutorial::Woman","referenceName":"members","variableName":"newWoman"}}]}},{"id":"1545a71f-a2f2-4a3b-9c59-8b8275783e9d","eClass":"diagram:NodeTool","data":{"name":"Man","body":[{"id":"e5ea308d-403e-4f2c-8a9d-da9379297476","eClass":"view:CreateInstance","data":{"children":[{"id":"b11f94cb-5a93-4e9b-a076-069628e38507","eClass":"view:ChangeContext","data":{"children":[{"id":"7f7c9a39-134b-4496-8ee9-39678cc23636","eClass":"view:SetValue","data":{"featureName":"name","valueExpression":"new Man"}}],"expression":"aql:newMan"}}],"typeName":"tutorial::Man","referenceName":"members","variableName":"newMan"}}]}}]}},"nodeDescriptions":[{"id":"ad64832c-1423-4585-969c-0da171388052","eClass":"diagram:NodeDescription","data":{"name":"Person Node","domainType":"tutorial::Person","semanticCandidatesExpression":"aql:self.members","palette":{"id":"18e3f20c-ec09-424c-91e1-27daab11684f","eClass":"diagram:NodePalette","data":{"deleteTool":{"id":"2f115ee1-8f5d-4f96-8281-a35d5b6e05fa","eClass":"diagram:DeleteTool","data":{"name":"Delete","body":[{"id":"2bf27fa5-53ec-4ab7-be1d-2d2ff2b1fe91","eClass":"view:ChangeContext","data":{"expression":"aql:self.defaultDelete()"}}]}},"labelEditTool":{"id":"315d66cf-e7b6-422e-b8f1-40d96bd4a933","eClass":"diagram:LabelEditTool","data":{"name":"Edit Label","body":[{"id":"abb6b0ca-2c64-4053-928b-4b831eaa3b01","eClass":"view:ChangeContext","data":{"expression":"aql:self.defaultEditLabel(newLabel)"}}]}}}},"childrenLayoutStrategy":{"id":"dc5946cd-2c74-4470-b8b9-861f0a040ca9","eClass":"diagram:FreeFormLayoutStrategyDescription"},"style":{"id":"6e2891f6-7473-4a47-805c-f9aa19f33fd3","eClass":"diagram:RectangularNodeStyleDescription","data":{"color":"//@colorPalettes.0/@colors.0","borderColor":"//@colorPalettes.0/@colors.1","labelColor":"//@colorPalettes.0/@colors.2","widthComputationExpression":"70","heightComputationExpression":"70"}},"conditionalStyles":[{"id":"f59e1276-50cd-4b38-8e17-b24d4a3af642","eClass":"diagram:ConditionalNodeStyle","data":{"condition":"aql:self.oclIsKindOf(tutorial::Woman)","style":{"id":"e5f086c5-3e2d-4e48-b595-b222b321a08c","eClass":"diagram:ImageNodeStyleDescription","data":{"borderSize":"0","labelColor":"//@colorPalettes.0/@colors.2","widthComputationExpression":"70","heightComputationExpression":"70","shape":"9ee21695-9b2b-3535-bf1e-20b6dc124c8c"}}}},{"id":"1bdd150a-cf69-4074-9aa6-c0d6240a8151","eClass":"diagram:ConditionalNodeStyle","data":{"condition":"aql:self.oclIsKindOf(tutorial::Man)","style":{"id":"162277b6-ef69-423f-b5fd-bd7758c870e5","eClass":"diagram:ImageNodeStyleDescription","data":{"borderSize":"0","labelColor":"//@colorPalettes.0/@colors.2","widthComputationExpression":"70","heightComputationExpression":"70","shape":"009cf4f8-f1a2-3e10-8131-bd9f4694fef4"}}}}]}}],"edgeDescriptions":[{"id":"3e3bbd77-e470-4ad6-b95c-eb18af4f9b84","eClass":"diagram:EdgeDescription","data":{"name":"Children Edge","domainType":"","semanticCandidatesExpression":"","labelExpression":"","palette":{"id":"d0d87e8c-c65a-437b-a3a3-1d33fea62f5d","eClass":"diagram:EdgePalette","data":{"deleteTool":{"id":"5002df50-21fd-460a-9854-619cba51e278","eClass":"diagram:DeleteTool","data":{"name":"Delete","body":[{"id":"a28231ee-39d7-4061-8503-ea03a1d5c168","eClass":"view:ChangeContext","data":{"expression":"aql:self.defaultDelete()"}}]}},"centerLabelEditTool":{"id":"0ea5f62e-6649-4d40-a44e-a348c3dbb849","eClass":"diagram:LabelEditTool","data":{"name":"Edit Label","body":[{"id":"26e4e39e-65f2-44f7-af67-78658c1b939a","eClass":"view:ChangeContext","data":{"expression":"aql:self.defaultEditLabel(newLabel)"}}]}}}},"sourceNodeDescriptions":["//@descriptions.0/@nodeDescriptions.0"],"targetNodeDescriptions":["//@descriptions.0/@nodeDescriptions.0"],"sourceNodesExpression":"aql:self","targetNodesExpression":"aql:self.children","style":{"id":"0e60c493-7b7e-4151-82a0-b722662ad3f5","eClass":"diagram:EdgeStyle","data":{"color":"//@colorPalettes.0/@colors.1"}}}}]}}],"colorPalettes":[{"id":"40619b32-7d42-4290-adb6-86599f1084f6","eClass":"view:ColorPalette","data":{"name":"Color Palette","colors":[{"id":"5a80032f-04f8-4275-85a4-f38dc0f4feb6","eClass":"view:FixedColor","data":{"name":"person_background_color","value":"#f7e6f0"}},{"id":"d9c75005-0de7-4fa5-a4f7-38a0710e67c9","eClass":"view:FixedColor","data":{"name":"person_border_color","value":"#242055"}},{"id":"9a8bffd6-73b7-49ff-bac1-98ab93ad0e68","eClass":"view:FixedColor","data":{"name":"person_label_color","value":"#242055"}}]}}]}}]}