{"json":{"version":"1.0","encoding":"utf-8"},"ns":{"domain":"http://www.eclipse.org/sirius-web/domain"},"content":[{"id":"777eae94-b259-44cd-906d-2b656e1bb2be","eClass":"domain:Domain","data":{"name":"tutorial","types":[{"id":"889676c9-38bd-41b7-85e5-e35e190a30bb","eClass":"domain:Entity","data":{"name":"Family","attributes":[{"id":"446513be-1466-44b6-adf4-aa96031ac0d9","eClass":"domain:Attribute","data":{"name":"name"}}],"relations":[{"id":"fe3cbbf8-97b2-4b71-bce9-f161b4c68a38","eClass":"domain:Relation","data":{"name":"members","many":true,"containment":true,"targetType":"//@types.1"}}]}},{"id":"ef0506f4-f337-4381-a543-29141a1433f5","eClass":"domain:Entity","data":{"name":"Person","attributes":[{"id":"a840ef7c-bf3b-4db6-a3f8-5cf8ce461bec","eClass":"domain:Attribute","data":{"name":"name"}}],"relations":[{"id":"50967c11-5652-4b84-b939-65ac82899420","eClass":"domain:Relation","data":{"name":"children","many":true,"targetType":"//@types.1"}}],"abstract":true}},{"id":"e5dcaf56-607a-41d6-9657-f2cc813c6962","eClass":"domain:Entity","data":{"name":"StarWarsFan","superTypes":["//@types.1"]}},{"id":"b05c9fc4-83d5-4842-9447-642c4611c37e","eClass":"domain:Entity","data":{"name":"StarTrekFan","superTypes":["//@types.1"]}}]}}]}