{"json":{"version":"1.0","encoding":"utf-8"},"ns":{"diagram":"http://www.eclipse.org/sirius-web/diagram","view":"http://www.eclipse.org/sirius-web/view"},"content":[{"id":"f79b6d86-0713-4f7c-9064-53eca1b9f212","eClass":"view:View","data":{"descriptions":[{"id":"a5682d09-0fa1-460c-910f-45c7c172987d","eClass":"diagram:DiagramDescription","data":{"name":"Family Diagram Description","domainType":"tutorial::Family","titleExpression":"aql:'Family Representation'","palette":{"id":"82c86e90-1ebd-431f-b2c0-9dcc8eb76cf9","eClass":"diagram:DiagramPalette","data":{"nodeTools":[{"id":"1ff49fe9-4e05-42c6-8f34-106c595105e4","eClass":"diagram:NodeTool","data":{"name":"StarTrek Fan","body":[{"id":"835a99e8-ea00-428d-a8d7-899954e9fccb","eClass":"view:CreateInstance","data":{"children":[{"id":"4897052f-851e-4a64-b8fe-9e4e17ef6eb9","eClass":"view:ChangeContext","data":{"children":[{"id":"f15d1a9f-37b6-484e-a942-09b67c482cb1","eClass":"view:SetValue","data":{"featureName":"name","valueExpression":"new Star Trek Fan"}}],"expression":"aql:newStarTrekFan"}}],"typeName":"tutorial::StarTrekFan","referenceName":"members","variableName":"newStarTrekFan"}}]}},{"id":"12b8185b-b218-4f6a-8329-39fd5589a60f","eClass":"diagram:NodeTool","data":{"name":"StarWars Fan","body":[{"id":"28f4fa86-45d2-46ee-b8b9-d08c31f99e47","eClass":"view:CreateInstance","data":{"children":[{"id":"2b5de220-c064-41d0-aab2-e45f2d010b88","eClass":"view:ChangeContext","data":{"children":[{"id":"6b1a048d-8b40-4302-b9e2-1cc1ebecce77","eClass":"view:SetValue","data":{"featureName":"name","valueExpression":"new Star Wars Fan"}}],"expression":"aql:newStarWarsFan"}}],"typeName":"tutorial::StarWarsFan","referenceName":"members","variableName":"newStarWarsFan"}}]}}]}},"nodeDescriptions":[{"id":"5a090138-3ab6-4b36-bf96-ef476ff726ed","eClass":"diagram:NodeDescription","data":{"name":"Person Node","domainType":"tutorial::Person","semanticCandidatesExpression":"aql:self.members","palette":{"id":"e08f91d2-9d8a-4bc4-9033-f09cda7422db","eClass":"diagram:NodePalette","data":{"deleteTool":{"id":"b0faad4b-6915-4706-8eaf-c4ea254121b6","eClass":"diagram:DeleteTool","data":{"name":"Delete","body":[{"id":"b6fcb28d-ec9a-440b-ba55-611c956b6648","eClass":"view:ChangeContext","data":{"expression":"aql:self.defaultDelete()"}}]}},"labelEditTool":{"id":"b6aa41d5-8a9d-4dec-a5c2-52106c7c821c","eClass":"diagram:LabelEditTool","data":{"name":"Edit Label","body":[{"id":"0d549a4e-1000-4c29-9bf8-b5628fda8a20","eClass":"view:ChangeContext","data":{"expression":"aql:self.defaultEditLabel(newLabel)"}}]}}}},"childrenLayoutStrategy":{"id":"c3516975-46c5-4a07-b3da-8eb8e36b3cff","eClass":"diagram:FreeFormLayoutStrategyDescription"},"style":{"id":"cd6a8322-05e5-4afb-8516-9b4d774b5d52","eClass":"diagram:RectangularNodeStyleDescription","data":{"color":"//@colorPalettes.0/@colors.0","borderColor":"//@colorPalettes.0/@colors.1","labelColor":"//@colorPalettes.0/@colors.2","widthComputationExpression":"70","heightComputationExpression":"70"}},"conditionalStyles":[{"id":"c7946ae0-3836-474f-8925-84ae39572b4b","eClass":"diagram:ConditionalNodeStyle","data":{"condition":"aql:self.oclIsKindOf(tutorial::StarTrekFan)","style":{"id":"cefe2990-7adb-401c-a976-e6b34dc15f42","eClass":"diagram:ImageNodeStyleDescription","data":{"borderSize":"0","labelColor":"//@colorPalettes.0/@colors.2","widthComputationExpression":"70","heightComputationExpression":"70","shape":"7b27ed7a-9e5d-34c1-b4a7-d863d354a113"}}}},{"id":"53c93c43-e24b-4942-86ef-86b963494939","eClass":"diagram:ConditionalNodeStyle","data":{"condition":"aql:self.oclIsKindOf(tutorial::StarWarsFan)","style":{"id":"8b0803c0-e7a7-4a47-8b49-89c5225fd8cb","eClass":"diagram:ImageNodeStyleDescription","data":{"borderSize":"0","labelColor":"//@colorPalettes.0/@colors.2","widthComputationExpression":"70","heightComputationExpression":"70","shape":"71e2224c-c654-35a1-a293-8676b5d68a59"}}}}]}}],"edgeDescriptions":[{"id":"ecebe667-aa95-492c-a555-501114ffbe1f","eClass":"diagram:EdgeDescription","data":{"name":"Children Edge","domainType":"","semanticCandidatesExpression":"","labelExpression":"","palette":{"id":"719249dd-78ab-4425-a392-22204cd6daa7","eClass":"diagram:EdgePalette","data":{"deleteTool":{"id":"19d28cc8-3758-4e52-ba14-a380a0cb2315","eClass":"diagram:DeleteTool","data":{"name":"Delete","body":[{"id":"e4876c1c-0575-4939-8e89-553e5bf0823b","eClass":"view:ChangeContext","data":{"expression":"aql:self.defaultDelete()"}}]}},"centerLabelEditTool":{"id":"4bf45a6a-3a82-4837-b06c-5bfc2f84ef78","eClass":"diagram:LabelEditTool","data":{"name":"Edit Label","body":[{"id":"88f8bb6e-1ae5-4cab-821a-0ee56753ef40","eClass":"view:ChangeContext","data":{"expression":"aql:self.defaultEditLabel(newLabel)"}}]}}}},"sourceNodeDescriptions":["//@descriptions.0/@nodeDescriptions.0"],"targetNodeDescriptions":["//@descriptions.0/@nodeDescriptions.0"],"sourceNodesExpression":"aql:self","targetNodesExpression":"aql:self.children","style":{"id":"a40bf037-4e34-449f-b355-2af34b1540e1","eClass":"diagram:EdgeStyle","data":{"color":"//@colorPalettes.0/@colors.1"}}}}]}}],"colorPalettes":[{"id":"6ee8b6f8-32f7-48dc-95b6-5b700fe364e8","eClass":"view:ColorPalette","data":{"name":"Color Palette","colors":[{"id":"b756911d-061a-4773-873b-055f2742b03d","eClass":"view:FixedColor","data":{"name":"person_background_color","value":"#f7e6f0"}},{"id":"1a52009c-7670-4ad7-a365-303b08c43bd0","eClass":"view:FixedColor","data":{"name":"person_border_color","value":"#242055"}},{"id":"29de7cbe-3722-488a-89ac-ae00126652be","eClass":"view:FixedColor","data":{"name":"person_label_color","value":"#242055"}}]}}]}}]}