{"json":{"version":"1.0","encoding":"utf-8"},"ns":{"tutorial":"domain://tutorial"},"content":[{"id":"4ae79e37-13dc-48a7-8503-bfc2ec2211c4","eClass":"tutorial:Family","data":{"name":"Addams","members":[{"id":"ae69a5ef-d1c1-4d99-9741-f823b30605d7","eClass":"tutorial:Person","data":{"name":"Morticia"}},{"id":"082931e3-0790-48fb-9679-eceeeb003252","eClass":"tutorial:Person","data":{"name":"Gomez"}},{"id":"05f2f29e-a7a3-41f6-952c-c05029729703","eClass":"tutorial:Person","data":{"name":"new Person"}}]}}]}