{"json":{"version":"1.0","encoding":"utf-8"},"ns":{"tutorial":"domain://tutorial"},"content":[{"id":"427cdd49-9920-40fd-a767-3b08a5a80468","eClass":"tutorial:Family","data":{"name":"Addams","members":[{"id":"7a3a3d24-c5df-47f6-91db-06ce7859570f","eClass":"tutorial:Person","data":{"name":"Morticia"}},{"id":"63ae0694-c3b5-41e6-9a9a-d657a6e35880","eClass":"tutorial:Person","data":{"name":"Gomez"}},{"id":"fde21ad9-2b9e-46e3-971f-d49b087c4975","eClass":"tutorial:Person","data":{"name":"new Person"}}]}}]}