{"json":{"version":"1.0","encoding":"utf-8"},"ns":{"tutorial":"domain://tutorial"},"content":[{"id":"928c63af-97db-44a3-bc8f-cff150d718c6","eClass":"tutorial:Family","data":{"name":"Addams","members":[{"id":"e888f3e5-b8ff-4a2f-b9d2-efa76ccfc7ad","eClass":"tutorial:StarTrekFan","data":{"name":"Morticia","children":["//@members.2"]}},{"id":"5cf13669-bbeb-41ff-873d-762a1dd8622a","eClass":"tutorial:StarWarsFan","data":{"name":"Gomez","children":["//@members.2"]}},{"id":"04efc2d9-cb13-44d9-b233-b8dac1b4604d","eClass":"tutorial:StarTrekFan","data":{"name":"Wednesday"}}]}}]}