{"json":{"version":"1.0","encoding":"utf-8"},"ns":{"tutorial":"domain://tutorial"},"content":[{"id":"4c94cc1e-c0a4-4bf7-8b40-7af7f63dddc6","eClass":"tutorial:Family","data":{"name":"Addams","members":[{"id":"b96195b0-106e-41d9-9649-8c6ffbf02bd5","eClass":"tutorial:StarTrekFan","data":{"name":"Morticia","children":["//@members.2"]}},{"id":"6c8ec6c2-0540-495c-abf4-5de2301c5409","eClass":"tutorial:StarWarsFan","data":{"name":"Gomez","children":["//@members.2"]}},{"id":"4a63e649-1fa3-47a9-8668-7f634527258f","eClass":"tutorial:StarTrekFan","data":{"name":"Wednesday"}}]}}]}