{"id":"0a934eee-a35a-4447-be28-a81eddeab899","projectId":"f709f03b-451d-4694-9f0e-f53ed471efbc","descriptionId":"siriusComponents://representationDescription?kind=diagramDescription&sourceKind=view&sourceId=7c18d953-317d-461a-87c0-703a31b8038c&sourceElementId=ce2c6c0d-cecc-474f-98a0-e12c1aa7bf6a","targetObjectId":"7c8fd4a0-1eec-4140-97ab-01828e5fe169","label":"Family Representation","kind":"siriusComponents://representation?type=Diagram","representation":{"id":"0a934eee-a35a-4447-be28-a81eddeab899","kind":"siriusComponents://representation?type=Diagram","targetObjectId":"7c8fd4a0-1eec-4140-97ab-01828e5fe169","descriptionId":"siriusComponents://representationDescription?kind=diagramDescription&sourceKind=view&sourceId=7c18d953-317d-461a-87c0-703a31b8038c&sourceElementId=ce2c6c0d-cecc-474f-98a0-e12c1aa7bf6a","label":"Family Representation","position":{"x":0.0,"y":0.0},"size":{"width":422.0,"height":214.0},"nodes":[{"id":"1e3ccfff-50df-3b8d-a10a-3efd78932b69","type":"node:rectangle","targetObjectId":"fe5b487d-06e5-4579-9010-3334cfa82fb7","targetObjectKind":"siriusComponents://semantic?domain=tutorial&entity=Person","targetObjectLabel":"Morticia","descriptionId":"siriusComponents://nodeDescription?sourceKind=view&sourceId=7c18d953-317d-461a-87c0-703a31b8038c&sourceElementId=82bd4aef-70b6-4b9e-8a58-1ee297e20526","borderNode":false,"modifiers":[],"state":"Normal","collapsingState":"EXPANDED","label":{"id":"0a6e5eb1-c9bc-3db8-a1fe-7cce31b08e64","type":"label:inside-v_top-h_center","text":"Morticia","position":{"x":5.0,"y":5.0},"size":{"width":90.0,"height":19.399999618530273},"alignment":{"x":0.0,"y":0.0},"style":{"color":"#242055","fontSize":14,"bold":false,"italic":false,"underline":false,"strikeThrough":false,"iconURL":""}},"style":{"color":"#f7e6f0","borderColor":"#242055","borderSize":1,"borderRadius":3,"borderStyle":"Solid","withHeader":false},"childrenLayoutStrategy":{"kind":"FreeForm"},"position":{"x":12.0,"y":11.0},"size":{"width":150.0,"height":70.0},"userResizable":true,"borderNodes":[],"childNodes":[],"customizedProperties":[]},{"id":"3e71c41d-14ea-30fb-a0ee-0e42c3aac85a","type":"node:rectangle","targetObjectId":"ac504a53-411c-4c5e-899b-49f641782b94","targetObjectKind":"siriusComponents://semantic?domain=tutorial&entity=Person","targetObjectLabel":"Gomez","descriptionId":"siriusComponents://nodeDescription?sourceKind=view&sourceId=7c18d953-317d-461a-87c0-703a31b8038c&sourceElementId=82bd4aef-70b6-4b9e-8a58-1ee297e20526","borderNode":false,"modifiers":[],"state":"Normal","collapsingState":"EXPANDED","label":{"id":"c1685c6e-bb92-329c-9e0e-c7c5ca5b7adf","type":"label:inside-v_top-h_center","text":"Gomez","position":{"x":5.0,"y":5.0},"size":{"width":90.0,"height":19.399999618530273},"alignment":{"x":0.0,"y":0.0},"style":{"color":"#242055","fontSize":14,"bold":false,"italic":false,"underline":false,"strikeThrough":false,"iconURL":""}},"style":{"color":"#f7e6f0","borderColor":"#242055","borderSize":1,"borderRadius":3,"borderStyle":"Solid","withHeader":false},"childrenLayoutStrategy":{"kind":"FreeForm"},"position":{"x":12.0,"y":132.0},"size":{"width":150.0,"height":70.0},"userResizable":true,"borderNodes":[],"childNodes":[],"customizedProperties":[]},{"id":"130b4720-09dd-3e61-96e5-0b86029a6f67","type":"node:rectangle","targetObjectId":"9cdf1572-559c-451a-878e-59fa375ff0ef","targetObjectKind":"siriusComponents://semantic?domain=tutorial&entity=Person","targetObjectLabel":"Wednesday","descriptionId":"siriusComponents://nodeDescription?sourceKind=view&sourceId=7c18d953-317d-461a-87c0-703a31b8038c&sourceElementId=82bd4aef-70b6-4b9e-8a58-1ee297e20526","borderNode":false,"modifiers":[],"state":"Normal","collapsingState":"EXPANDED","label":{"id":"ee5936a6-69f6-3912-b4c2-49f4e2f4cb38","type":"label:inside-v_top-h_center","text":"Wednesday","position":{"x":5.0,"y":5.0},"size":{"width":90.0,"height":19.399999618530273},"alignment":{"x":0.0,"y":0.0},"style":{"color":"#242055","fontSize":14,"bold":false,"italic":false,"underline":false,"strikeThrough":false,"iconURL":""}},"style":{"color":"#f7e6f0","borderColor":"#242055","borderSize":1,"borderRadius":3,"borderStyle":"Solid","withHeader":false},"childrenLayoutStrategy":{"kind":"FreeForm"},"position":{"x":260.0,"y":63.66666666666666},"size":{"width":150.0,"height":70.0},"userResizable":true,"borderNodes":[],"childNodes":[],"customizedProperties":[]}],"edges":[{"id":"b129a9a5-e236-36f6-b6fc-dc1549b43391","type":"edge:straight","targetObjectId":"fe5b487d-06e5-4579-9010-3334cfa82fb7","targetObjectKind":"siriusComponents://semantic?domain=tutorial&entity=Person","targetObjectLabel":"Morticia","descriptionId":"siriusComponents://edgeDescription?sourceKind=view&sourceId=7c18d953-317d-461a-87c0-703a31b8038c&sourceElementId=4c92012d-7d6d-4169-8a3d-737db1e364ed","beginLabel":null,"centerLabel":null,"endLabel":null,"sourceId":"1e3ccfff-50df-3b8d-a10a-3efd78932b69","targetId":"130b4720-09dd-3e61-96e5-0b86029a6f67","modifiers":[],"state":"Normal","style":{"size":1,"lineStyle":"Solid","sourceArrow":"None","targetArrow":"InputArrow","color":"#242055"},"routingPoints":[],"sourceAnchorRelativePosition":{"x":0.5,"y":0.5},"targetAnchorRelativePosition":{"x":0.5,"y":0.33333333333333337}},{"id":"be186f5a-3f5a-3944-a8d5-19ed9b347032","type":"edge:straight","targetObjectId":"ac504a53-411c-4c5e-899b-49f641782b94","targetObjectKind":"siriusComponents://semantic?domain=tutorial&entity=Person","targetObjectLabel":"Gomez","descriptionId":"siriusComponents://edgeDescription?sourceKind=view&sourceId=7c18d953-317d-461a-87c0-703a31b8038c&sourceElementId=4c92012d-7d6d-4169-8a3d-737db1e364ed","beginLabel":null,"centerLabel":null,"endLabel":null,"sourceId":"3e71c41d-14ea-30fb-a0ee-0e42c3aac85a","targetId":"130b4720-09dd-3e61-96e5-0b86029a6f67","modifiers":[],"state":"Normal","style":{"size":1,"lineStyle":"Solid","sourceArrow":"None","targetArrow":"InputArrow","color":"#242055"},"routingPoints":[],"sourceAnchorRelativePosition":{"x":0.5,"y":0.5},"targetAnchorRelativePosition":{"x":0.5,"y":0.6666666666666669}}],"layoutData":{"nodeLayoutData":{},"edgeLayoutData":{},"labelLayoutData":{}}}}