{"id":"1669bb43-8946-4afb-9a9a-5c31734d3a83","projectId":"fe2bd43a-0007-4bdc-bfdc-bb6d0dc3db66","descriptionId":"siriusComponents://representationDescription?kind=diagramDescription&sourceKind=view&sourceId=5e7a7130-55a9-4d4c-b8e7-d47aadb6417c&sourceElementId=24508185-27e5-4f86-b5b4-d08b0ef8a72d","targetObjectId":"80800463-aa81-4ef6-b3e0-04532acd97e8","label":"Family Representation","kind":"siriusComponents://representation?type=Diagram","representation":{"id":"1669bb43-8946-4afb-9a9a-5c31734d3a83","kind":"siriusComponents://representation?type=Diagram","targetObjectId":"80800463-aa81-4ef6-b3e0-04532acd97e8","descriptionId":"siriusComponents://representationDescription?kind=diagramDescription&sourceKind=view&sourceId=5e7a7130-55a9-4d4c-b8e7-d47aadb6417c&sourceElementId=24508185-27e5-4f86-b5b4-d08b0ef8a72d","label":"Family Representation","position":{"x":0.0,"y":0.0},"size":{"width":791.0,"height":391.0},"nodes":[{"id":"8f98aa82-1440-396c-96a4-d20f85aaf28f","type":"node:rectangle","targetObjectId":"9db81acf-51ff-457a-bbab-e7eff96a3eec","targetObjectKind":"siriusComponents://semantic?domain=tutorial&entity=Person","targetObjectLabel":"Morticia","descriptionId":"siriusComponents://nodeDescription?sourceKind=view&sourceId=5e7a7130-55a9-4d4c-b8e7-d47aadb6417c&sourceElementId=f75bd1c5-0c71-4472-ac6e-dd25d9b20f29","borderNode":false,"modifiers":[],"state":"Normal","collapsingState":"EXPANDED","label":{"id":"e93cb8b9-a763-34c0-a2bc-bd7194547d12","type":"label:inside-v_top-h_center","text":"Morticia","position":{"x":5.0,"y":5.0},"size":{"width":90.0,"height":19.399999618530273},"alignment":{"x":0.0,"y":0.0},"style":{"color":"#242055","fontSize":14,"bold":false,"italic":false,"underline":false,"strikeThrough":false,"iconURL":""}},"style":{"color":"#f7e6f0","borderColor":"#242055","borderSize":1,"borderRadius":3,"borderStyle":"Solid","withHeader":false},"childrenLayoutStrategy":{"kind":"FreeForm"},"position":{"x":355.0,"y":119.0},"size":{"width":150.0,"height":70.0},"userResizable":true,"borderNodes":[],"childNodes":[],"customizedProperties":[]},{"id":"ab55f069-467a-3d5c-a4bd-6a3e5d5cdda0","type":"node:rectangle","targetObjectId":"e67d281d-844e-4ed0-aac6-f38923b9d9c5","targetObjectKind":"siriusComponents://semantic?domain=tutorial&entity=Person","targetObjectLabel":"Gomez","descriptionId":"siriusComponents://nodeDescription?sourceKind=view&sourceId=5e7a7130-55a9-4d4c-b8e7-d47aadb6417c&sourceElementId=f75bd1c5-0c71-4472-ac6e-dd25d9b20f29","borderNode":false,"modifiers":[],"state":"Normal","collapsingState":"EXPANDED","label":{"id":"bf4a5267-d421-34e1-b21e-d0a682aad283","type":"label:inside-v_top-h_center","text":"Gomez","position":{"x":5.0,"y":5.0},"size":{"width":90.0,"height":19.399999618530273},"alignment":{"x":0.0,"y":0.0},"style":{"color":"#242055","fontSize":14,"bold":false,"italic":false,"underline":false,"strikeThrough":false,"iconURL":""}},"style":{"color":"#f7e6f0","borderColor":"#242055","borderSize":1,"borderRadius":3,"borderStyle":"Solid","withHeader":false},"childrenLayoutStrategy":{"kind":"FreeForm"},"position":{"x":629.0,"y":145.0},"size":{"width":150.0,"height":70.0},"userResizable":true,"borderNodes":[],"childNodes":[],"customizedProperties":[]},{"id":"2335e223-adf4-3e1f-b336-903be0380aee","type":"node:rectangle","targetObjectId":"77483b9d-f3b1-489e-9f0e-2d29aba8d99f","targetObjectKind":"siriusComponents://semantic?domain=tutorial&entity=Person","targetObjectLabel":"Wednesday","descriptionId":"siriusComponents://nodeDescription?sourceKind=view&sourceId=5e7a7130-55a9-4d4c-b8e7-d47aadb6417c&sourceElementId=f75bd1c5-0c71-4472-ac6e-dd25d9b20f29","borderNode":false,"modifiers":[],"state":"Normal","collapsingState":"EXPANDED","label":{"id":"d571b845-c973-3207-86a4-16437442c48f","type":"label:inside-v_top-h_center","text":"Wednesday","position":{"x":5.0,"y":5.0},"size":{"width":90.0,"height":19.399999618530273},"alignment":{"x":0.0,"y":0.0},"style":{"color":"#242055","fontSize":14,"bold":false,"italic":false,"underline":false,"strikeThrough":false,"iconURL":""}},"style":{"color":"#f7e6f0","borderColor":"#242055","borderSize":1,"borderRadius":3,"borderStyle":"Solid","withHeader":false},"childrenLayoutStrategy":{"kind":"FreeForm"},"position":{"x":472.0,"y":309.0},"size":{"width":150.0,"height":70.0},"userResizable":true,"borderNodes":[],"childNodes":[],"customizedProperties":[]}],"edges":[{"id":"0b2e71a8-e190-3758-bfb3-08494b288486","type":"edge:straight","targetObjectId":"9db81acf-51ff-457a-bbab-e7eff96a3eec","targetObjectKind":"siriusComponents://semantic?domain=tutorial&entity=Person","targetObjectLabel":"Morticia","descriptionId":"siriusComponents://edgeDescription?sourceKind=view&sourceId=5e7a7130-55a9-4d4c-b8e7-d47aadb6417c&sourceElementId=bd2be13a-c116-438d-8ef8-46267e688ccc","beginLabel":null,"centerLabel":null,"endLabel":null,"sourceId":"8f98aa82-1440-396c-96a4-d20f85aaf28f","targetId":"2335e223-adf4-3e1f-b336-903be0380aee","modifiers":[],"state":"Normal","style":{"size":1,"lineStyle":"Solid","sourceArrow":"None","targetArrow":"InputArrow","color":"#242055"},"routingPoints":[],"sourceAnchorRelativePosition":{"x":0.5,"y":0.5},"targetAnchorRelativePosition":{"x":0.5,"y":0.5}},{"id":"8594f9de-bafa-3bc4-8566-9bd50465db17","type":"edge:straight","targetObjectId":"e67d281d-844e-4ed0-aac6-f38923b9d9c5","targetObjectKind":"siriusComponents://semantic?domain=tutorial&entity=Person","targetObjectLabel":"Gomez","descriptionId":"siriusComponents://edgeDescription?sourceKind=view&sourceId=5e7a7130-55a9-4d4c-b8e7-d47aadb6417c&sourceElementId=bd2be13a-c116-438d-8ef8-46267e688ccc","beginLabel":null,"centerLabel":null,"endLabel":null,"sourceId":"ab55f069-467a-3d5c-a4bd-6a3e5d5cdda0","targetId":"2335e223-adf4-3e1f-b336-903be0380aee","modifiers":[],"state":"Normal","style":{"size":1,"lineStyle":"Solid","sourceArrow":"None","targetArrow":"InputArrow","color":"#242055"},"routingPoints":[],"sourceAnchorRelativePosition":{"x":0.5,"y":0.5},"targetAnchorRelativePosition":{"x":0.5,"y":0.5}}],"layoutData":{"nodeLayoutData":{},"edgeLayoutData":{},"labelLayoutData":{}}}}