{"id":"12fbe9f6-c479-42cd-9f1f-4442a58faa9e","projectId":"dcbe8021-7e81-4abd-a232-03e61522cd03","descriptionId":"siriusComponents://representationDescription?kind=diagramDescription&sourceKind=view&sourceId=26cf725b-ca82-4b8a-a055-0f183680073e&sourceElementId=5e3eae42-912e-4655-9d24-71f20dd0992e","targetObjectId":"9385eeeb-57aa-42a9-99ba-099cfb001617","label":"Family Representation","kind":"siriusComponents://representation?type=Diagram","representation":{"id":"12fbe9f6-c479-42cd-9f1f-4442a58faa9e","kind":"siriusComponents://representation?type=Diagram","targetObjectId":"9385eeeb-57aa-42a9-99ba-099cfb001617","descriptionId":"siriusComponents://representationDescription?kind=diagramDescription&sourceKind=view&sourceId=26cf725b-ca82-4b8a-a055-0f183680073e&sourceElementId=5e3eae42-912e-4655-9d24-71f20dd0992e","label":"Family Representation","position":{"x":0.0,"y":0.0},"size":{"width":275.9306640625,"height":304.197265625},"nodes":[{"id":"39ab2ce1-4e85-35d0-a947-47cfce847a5c","type":"node:image","targetObjectId":"51f0a6d7-f3e6-4f99-9557-793c938036c9","targetObjectKind":"siriusComponents://semantic?domain=tutorial&entity=Woman","targetObjectLabel":"Morticia","descriptionId":"siriusComponents://nodeDescription?sourceKind=view&sourceId=26cf725b-ca82-4b8a-a055-0f183680073e&sourceElementId=7b4dd4dc-b6ee-424e-ad09-8c90d196c39e","borderNode":false,"modifiers":[],"state":"Normal","collapsingState":"EXPANDED","label":{"id":"62577ccb-cc3a-3a2f-a822-c750722a241f","type":"label:outside-center","text":"Morticia","position":{"x":22.49658203125,"y":-21.0986328125},"size":{"width":49.0068359375,"height":16.0986328125},"alignment":{"x":0.0,"y":12.673828125},"style":{"color":"#242055","fontSize":14,"bold":false,"italic":false,"underline":false,"strikeThrough":false,"iconURL":""}},"style":{"imageURL":"/custom/9ee21695-9b2b-3535-bf1e-20b6dc124c8c","scalingFactor":1,"borderColor":"black","borderSize":0,"borderRadius":3,"borderStyle":"Solid"},"childrenLayoutStrategy":{"kind":"FreeForm"},"position":{"x":12.0,"y":33.0986328125},"size":{"width":94.0,"height":94.0},"userResizable":true,"borderNodes":[],"childNodes":[],"customizedProperties":[]},{"id":"cce64884-4775-3517-b954-a5ca7ca53442","type":"node:image","targetObjectId":"a33f750a-7bc9-415a-a90e-d9bc5b8ae4ff","targetObjectKind":"siriusComponents://semantic?domain=tutorial&entity=Man","targetObjectLabel":"Gomez","descriptionId":"siriusComponents://nodeDescription?sourceKind=view&sourceId=26cf725b-ca82-4b8a-a055-0f183680073e&sourceElementId=7b4dd4dc-b6ee-424e-ad09-8c90d196c39e","borderNode":false,"modifiers":[],"state":"Normal","collapsingState":"EXPANDED","label":{"id":"b25c27be-fefb-3ebb-9e9b-da51548082d4","type":"label:outside-center","text":"Gomez","position":{"x":24.43798828125,"y":-21.0986328125},"size":{"width":45.1240234375,"height":16.0986328125},"alignment":{"x":0.0,"y":12.673828125},"style":{"color":"#242055","fontSize":14,"bold":false,"italic":false,"underline":false,"strikeThrough":false,"iconURL":""}},"style":{"imageURL":"/custom/009cf4f8-f1a2-3e10-8131-bd9f4694fef4","scalingFactor":1,"borderColor":"black","borderSize":0,"borderRadius":3,"borderStyle":"Solid"},"childrenLayoutStrategy":{"kind":"FreeForm"},"position":{"x":12.0,"y":198.197265625},"size":{"width":94.0,"height":94.0},"userResizable":true,"borderNodes":[],"childNodes":[],"customizedProperties":[]},{"id":"2315d0d9-7a66-3255-a18a-7babf93ac4ba","type":"node:image","targetObjectId":"deeffc9f-c813-4cbb-b412-924c64ad7389","targetObjectKind":"siriusComponents://semantic?domain=tutorial&entity=Woman","targetObjectLabel":"Wednesday","descriptionId":"siriusComponents://nodeDescription?sourceKind=view&sourceId=26cf725b-ca82-4b8a-a055-0f183680073e&sourceElementId=7b4dd4dc-b6ee-424e-ad09-8c90d196c39e","borderNode":false,"modifiers":[],"state":"Normal","collapsingState":"EXPANDED","label":{"id":"ff064ad5-50f3-32af-abcb-3514b686b88a","type":"label:outside-center","text":"Wednesday","position":{"x":12.0,"y":-21.0986328125},"size":{"width":73.9306640625,"height":16.0986328125},"alignment":{"x":0.0,"y":12.673828125},"style":{"color":"#242055","fontSize":14,"bold":false,"italic":false,"underline":false,"strikeThrough":false,"iconURL":""}},"style":{"imageURL":"/custom/9ee21695-9b2b-3535-bf1e-20b6dc124c8c","scalingFactor":1,"borderColor":"black","borderSize":0,"borderRadius":3,"borderStyle":"Solid"},"childrenLayoutStrategy":{"kind":"FreeForm"},"position":{"x":166.0,"y":48.76529947916667},"size":{"width":97.9306640625,"height":94.0},"userResizable":true,"borderNodes":[],"childNodes":[],"customizedProperties":[]}],"edges":[{"id":"dbfb8a13-340d-34ea-a474-1f8a27e56e5e","type":"edge:straight","targetObjectId":"51f0a6d7-f3e6-4f99-9557-793c938036c9","targetObjectKind":"siriusComponents://semantic?domain=tutorial&entity=Woman","targetObjectLabel":"Morticia","descriptionId":"siriusComponents://edgeDescription?sourceKind=view&sourceId=26cf725b-ca82-4b8a-a055-0f183680073e&sourceElementId=225a6644-32f7-40eb-9512-ab281a822e93","beginLabel":null,"centerLabel":null,"endLabel":null,"sourceId":"39ab2ce1-4e85-35d0-a947-47cfce847a5c","targetId":"2315d0d9-7a66-3255-a18a-7babf93ac4ba","modifiers":[],"state":"Normal","style":{"size":1,"lineStyle":"Solid","sourceArrow":"None","targetArrow":"InputArrow","color":"#242055"},"routingPoints":[],"sourceAnchorRelativePosition":{"x":0.5,"y":0.5},"targetAnchorRelativePosition":{"x":0.5,"y":0.33333333333333326}},{"id":"35856610-e7d1-3a5c-8b59-f50c36dafb3c","type":"edge:straight","targetObjectId":"a33f750a-7bc9-415a-a90e-d9bc5b8ae4ff","targetObjectKind":"siriusComponents://semantic?domain=tutorial&entity=Man","targetObjectLabel":"Gomez","descriptionId":"siriusComponents://edgeDescription?sourceKind=view&sourceId=26cf725b-ca82-4b8a-a055-0f183680073e&sourceElementId=225a6644-32f7-40eb-9512-ab281a822e93","beginLabel":null,"centerLabel":null,"endLabel":null,"sourceId":"cce64884-4775-3517-b954-a5ca7ca53442","targetId":"2315d0d9-7a66-3255-a18a-7babf93ac4ba","modifiers":[],"state":"Normal","style":{"size":1,"lineStyle":"Solid","sourceArrow":"None","targetArrow":"InputArrow","color":"#242055"},"routingPoints":[{"x":136.0,"y":245.197265625},{"x":136.0,"y":111.43196614583334}],"sourceAnchorRelativePosition":{"x":0.5,"y":0.5},"targetAnchorRelativePosition":{"x":0.5,"y":0.6666666666666667}}],"layoutData":{"nodeLayoutData":{},"edgeLayoutData":{},"labelLayoutData":{}}}}