{"id":"7ca5e2e7-048a-48eb-9342-5383ef606668","projectId":"dcbe8021-7e81-4abd-a232-03e61522cd03","descriptionId":"siriusComponents://representationDescription?kind=formDescription&sourceKind=view&sourceId=26cf725b-ca82-4b8a-a055-0f183680073e&sourceElementId=892f5496-4f05-4a66-b84d-3cf445a1c20a","targetObjectId":"9385eeeb-57aa-42a9-99ba-099cfb001617","label":"Family Form","kind":"siriusComponents://representation?type=Form","representation":{"id":"7ca5e2e7-048a-48eb-9342-5383ef606668","kind":"siriusComponents://representation?type=Form","label":"Family Form","targetObjectId":"9385eeeb-57aa-42a9-99ba-099cfb001617","descriptionId":"siriusComponents://representationDescription?kind=formDescription&sourceKind=view&sourceId=26cf725b-ca82-4b8a-a055-0f183680073e&sourceElementId=892f5496-4f05-4a66-b84d-3cf445a1c20a","pages":[]}}