{"id":"a664a88d-015e-4ed2-ad57-7d713cfc4f68","projectId":"922ec1b7-1ecd-4fe7-b721-9bcbfae1cff7","descriptionId":"siriusComponents://representationDescription?kind=diagramDescription&sourceKind=view&sourceId=d6db2d0d-b5e1-4e4d-a2f5-f8121b6bb471&sourceElementId=aec81e50-bd64-4597-a6a7-c4df61a15c9e","targetObjectId":"7c156794-da9e-41b8-9819-a24c5347ee4c","label":"Family Representation","kind":"siriusComponents://representation?type=Diagram","representation":{"id":"a664a88d-015e-4ed2-ad57-7d713cfc4f68","kind":"siriusComponents://representation?type=Diagram","targetObjectId":"7c156794-da9e-41b8-9819-a24c5347ee4c","descriptionId":"siriusComponents://representationDescription?kind=diagramDescription&sourceKind=view&sourceId=d6db2d0d-b5e1-4e4d-a2f5-f8121b6bb471&sourceElementId=aec81e50-bd64-4597-a6a7-c4df61a15c9e","label":"Family Representation","position":{"x":0.0,"y":0.0},"size":{"width":275.9306640625,"height":469.2958984375},"nodes":[{"id":"a96332cd-916f-3fde-81bd-9fcad2633523","type":"node:image","targetObjectId":"15bf878a-3e1e-4ff9-96d4-e1032ead8478","targetObjectKind":"siriusComponents://semantic?domain=tutorial&entity=StarTrekFan","targetObjectLabel":"Morticia","descriptionId":"siriusComponents://nodeDescription?sourceKind=view&sourceId=d6db2d0d-b5e1-4e4d-a2f5-f8121b6bb471&sourceElementId=80a4e14d-ef6e-4964-a494-b3431fe961aa","borderNode":false,"modifiers":[],"state":"Normal","collapsingState":"EXPANDED","label":{"id":"927c12c3-861c-37df-9ee7-f13b63158813","type":"label:outside-center","text":"Morticia","position":{"x":10.49658203125,"y":-21.0986328125},"size":{"width":49.0068359375,"height":16.0986328125},"alignment":{"x":0.0,"y":12.673828125},"style":{"color":"#242055","fontSize":14,"bold":false,"italic":false,"underline":false,"strikeThrough":false,"iconURL":""}},"style":{"imageURL":"/custom/7b27ed7a-9e5d-34c1-b4a7-d863d354a113","scalingFactor":1,"borderColor":"black","borderSize":0,"borderRadius":3,"borderStyle":"Solid"},"childrenLayoutStrategy":{"kind":"FreeForm"},"position":{"x":12.0,"y":33.0986328125},"size":{"width":70.0,"height":70.0},"userResizable":true,"borderNodes":[],"childNodes":[],"customizedProperties":[]},{"id":"617330a8-726e-3042-80f2-8b500440abc0","type":"node:image","targetObjectId":"b2653976-a199-4b1b-9ca8-350b05cb7542","targetObjectKind":"siriusComponents://semantic?domain=tutorial&entity=StarWarsFan","targetObjectLabel":"Gomez","descriptionId":"siriusComponents://nodeDescription?sourceKind=view&sourceId=d6db2d0d-b5e1-4e4d-a2f5-f8121b6bb471&sourceElementId=80a4e14d-ef6e-4964-a494-b3431fe961aa","borderNode":false,"modifiers":[],"state":"Normal","collapsingState":"EXPANDED","label":{"id":"e996a349-7623-326d-b144-6d9a5e10a7e3","type":"label:outside-center","text":"Gomez","position":{"x":12.43798828125,"y":-21.0986328125},"size":{"width":45.1240234375,"height":16.0986328125},"alignment":{"x":0.0,"y":12.673828125},"style":{"color":"#242055","fontSize":14,"bold":false,"italic":false,"underline":false,"strikeThrough":false,"iconURL":""}},"style":{"imageURL":"/custom/71e2224c-c654-35a1-a293-8676b5d68a59","scalingFactor":1,"borderColor":"black","borderSize":0,"borderRadius":3,"borderStyle":"Solid"},"childrenLayoutStrategy":{"kind":"FreeForm"},"position":{"x":12.0,"y":198.197265625},"size":{"width":70.0,"height":70.0},"userResizable":true,"borderNodes":[],"childNodes":[],"customizedProperties":[]},{"id":"543cb45e-0871-3fd2-8ea2-3bc76f7e7ac6","type":"node:image","targetObjectId":"5784d028-05ad-455c-a46a-2711f74aca2f","targetObjectKind":"siriusComponents://semantic?domain=tutorial&entity=StarTrekFan","targetObjectLabel":"Wednesday","descriptionId":"siriusComponents://nodeDescription?sourceKind=view&sourceId=d6db2d0d-b5e1-4e4d-a2f5-f8121b6bb471&sourceElementId=80a4e14d-ef6e-4964-a494-b3431fe961aa","borderNode":false,"modifiers":[],"state":"Normal","collapsingState":"EXPANDED","label":{"id":"35775e1a-4cc6-34fa-823a-3b663557e5a3","type":"label:outside-center","text":"Wednesday","position":{"x":-1.96533203125,"y":-21.0986328125},"size":{"width":73.9306640625,"height":16.0986328125},"alignment":{"x":0.0,"y":12.673828125},"style":{"color":"#242055","fontSize":14,"bold":false,"italic":false,"underline":false,"strikeThrough":false,"iconURL":""}},"style":{"imageURL":"/custom/7b27ed7a-9e5d-34c1-b4a7-d863d354a113","scalingFactor":1,"borderColor":"black","borderSize":0,"borderRadius":3,"borderStyle":"Solid"},"childrenLayoutStrategy":{"kind":"FreeForm"},"position":{"x":166.0,"y":48.76529947916667},"size":{"width":70.0,"height":70.0},"userResizable":true,"borderNodes":[],"childNodes":[],"customizedProperties":[]},{"id":"a9f65caa-83fe-3da8-a751-014e1497a549","type":"node:image","targetObjectId":"00667569-1a16-45db-a086-70760bb0077b","targetObjectKind":"siriusComponents://semantic?domain=tutorial&entity=StarTrekFan","targetObjectLabel":"Pugsley","descriptionId":"siriusComponents://nodeDescription?sourceKind=view&sourceId=d6db2d0d-b5e1-4e4d-a2f5-f8121b6bb471&sourceElementId=80a4e14d-ef6e-4964-a494-b3431fe961aa","borderNode":false,"modifiers":[],"state":"Normal","collapsingState":"EXPANDED","label":{"id":"f49513d2-a0c7-3010-8f8f-ff88922c443a","type":"label:outside-center","text":"Pugsley","position":{"x":10.0966796875,"y":-21.0986328125},"size":{"width":49.806640625,"height":16.0986328125},"alignment":{"x":0.0,"y":12.673828125},"style":{"color":"#242055","fontSize":14,"bold":false,"italic":false,"underline":false,"strikeThrough":false,"iconURL":""}},"style":{"imageURL":"/custom/7b27ed7a-9e5d-34c1-b4a7-d863d354a113","scalingFactor":1,"borderColor":"black","borderSize":0,"borderRadius":3,"borderStyle":"Solid"},"childrenLayoutStrategy":{"kind":"FreeForm"},"position":{"x":12.0,"y":363.2958984375},"size":{"width":70.0,"height":70.0},"userResizable":true,"borderNodes":[],"childNodes":[],"customizedProperties":[]}],"edges":[{"id":"9f4ee9fb-2fdd-3c9b-88b8-eb0fc9df285f","type":"edge:straight","targetObjectId":"15bf878a-3e1e-4ff9-96d4-e1032ead8478","targetObjectKind":"siriusComponents://semantic?domain=tutorial&entity=StarTrekFan","targetObjectLabel":"Morticia","descriptionId":"siriusComponents://edgeDescription?sourceKind=view&sourceId=d6db2d0d-b5e1-4e4d-a2f5-f8121b6bb471&sourceElementId=d3b298ec-476a-42f0-8d18-9b1d14c167f2","beginLabel":null,"centerLabel":null,"endLabel":null,"sourceId":"a96332cd-916f-3fde-81bd-9fcad2633523","targetId":"543cb45e-0871-3fd2-8ea2-3bc76f7e7ac6","modifiers":[],"state":"Normal","style":{"size":1,"lineStyle":"Solid","sourceArrow":"None","targetArrow":"InputArrow","color":"#242055"},"routingPoints":[],"sourceAnchorRelativePosition":{"x":0.5,"y":0.5},"targetAnchorRelativePosition":{"x":0.5,"y":0.33333333333333326}},{"id":"83aeacd8-f481-3ff1-bf14-63635e7f9edb","type":"edge:straight","targetObjectId":"b2653976-a199-4b1b-9ca8-350b05cb7542","targetObjectKind":"siriusComponents://semantic?domain=tutorial&entity=StarWarsFan","targetObjectLabel":"Gomez","descriptionId":"siriusComponents://edgeDescription?sourceKind=view&sourceId=d6db2d0d-b5e1-4e4d-a2f5-f8121b6bb471&sourceElementId=d3b298ec-476a-42f0-8d18-9b1d14c167f2","beginLabel":null,"centerLabel":null,"endLabel":null,"sourceId":"617330a8-726e-3042-80f2-8b500440abc0","targetId":"543cb45e-0871-3fd2-8ea2-3bc76f7e7ac6","modifiers":[],"state":"Normal","style":{"size":1,"lineStyle":"Solid","sourceArrow":"None","targetArrow":"InputArrow","color":"#242055"},"routingPoints":[{"x":136.0,"y":245.197265625},{"x":136.0,"y":111.43196614583334}],"sourceAnchorRelativePosition":{"x":0.5,"y":0.5},"targetAnchorRelativePosition":{"x":0.5,"y":0.6666666666666667}}],"layoutData":{"nodeLayoutData":{},"edgeLayoutData":{},"labelLayoutData":{}}}}