{"id":"ac655da4-373b-40f8-ac23-5b1f14ffbbff","projectId":"922ec1b7-1ecd-4fe7-b721-9bcbfae1cff7","descriptionId":"siriusComponents://representationDescription?kind=formDescription&sourceKind=view&sourceId=d6db2d0d-b5e1-4e4d-a2f5-f8121b6bb471&sourceElementId=a813490d-5096-4504-89df-d23ef2433122","targetObjectId":"7c156794-da9e-41b8-9819-a24c5347ee4c","label":"Family Form","kind":"siriusComponents://representation?type=Form","representation":{"id":"ac655da4-373b-40f8-ac23-5b1f14ffbbff","kind":"siriusComponents://representation?type=Form","label":"Family Form","targetObjectId":"7c156794-da9e-41b8-9819-a24c5347ee4c","descriptionId":"siriusComponents://representationDescription?kind=formDescription&sourceKind=view&sourceId=d6db2d0d-b5e1-4e4d-a2f5-f8121b6bb471&sourceElementId=a813490d-5096-4504-89df-d23ef2433122","pages":[]}}