{"id":"b9c26b74-e58a-4725-a4d8-af0352720b70","projectId":"74ec92bd-37a8-48c3-b60e-e8f71d1a9e9a","descriptionId":"siriusComponents://representationDescription?kind=diagramDescription&sourceKind=view&sourceId=ab4be674-6804-4205-b183-788117241720&sourceElementId=a5682d09-0fa1-460c-910f-45c7c172987d","targetObjectId":"4c94cc1e-c0a4-4bf7-8b40-7af7f63dddc6","label":"Family Representation","kind":"siriusComponents://representation?type=Diagram","representation":{"id":"b9c26b74-e58a-4725-a4d8-af0352720b70","kind":"siriusComponents://representation?type=Diagram","targetObjectId":"4c94cc1e-c0a4-4bf7-8b40-7af7f63dddc6","descriptionId":"siriusComponents://representationDescription?kind=diagramDescription&sourceKind=view&sourceId=ab4be674-6804-4205-b183-788117241720&sourceElementId=a5682d09-0fa1-460c-910f-45c7c172987d","label":"Family Representation","position":{"x":0.0,"y":0.0},"size":{"width":275.9306640625,"height":304.197265625},"nodes":[{"id":"e6419fca-1966-33db-8b0e-da87b105cb37","type":"node:image","targetObjectId":"b96195b0-106e-41d9-9649-8c6ffbf02bd5","targetObjectKind":"siriusComponents://semantic?domain=tutorial&entity=StarTrekFan","targetObjectLabel":"Morticia","descriptionId":"siriusComponents://nodeDescription?sourceKind=view&sourceId=ab4be674-6804-4205-b183-788117241720&sourceElementId=5a090138-3ab6-4b36-bf96-ef476ff726ed","borderNode":false,"modifiers":[],"state":"Normal","collapsingState":"EXPANDED","label":{"id":"f62f534b-662a-39dc-ac18-cc47b6baee8a","type":"label:outside-center","text":"Morticia","position":{"x":22.49658203125,"y":-21.0986328125},"size":{"width":49.0068359375,"height":16.0986328125},"alignment":{"x":0.0,"y":12.673828125},"style":{"color":"#242055","fontSize":14,"bold":false,"italic":false,"underline":false,"strikeThrough":false,"iconURL":""}},"style":{"imageURL":"/custom/7b27ed7a-9e5d-34c1-b4a7-d863d354a113","scalingFactor":1,"borderColor":"black","borderSize":0,"borderRadius":3,"borderStyle":"Solid"},"childrenLayoutStrategy":{"kind":"FreeForm"},"position":{"x":12.0,"y":33.0986328125},"size":{"width":94.0,"height":94.0},"userResizable":true,"borderNodes":[],"childNodes":[],"customizedProperties":[]},{"id":"911b843f-12cc-33c9-81a1-4b4036e76393","type":"node:image","targetObjectId":"6c8ec6c2-0540-495c-abf4-5de2301c5409","targetObjectKind":"siriusComponents://semantic?domain=tutorial&entity=StarWarsFan","targetObjectLabel":"Gomez","descriptionId":"siriusComponents://nodeDescription?sourceKind=view&sourceId=ab4be674-6804-4205-b183-788117241720&sourceElementId=5a090138-3ab6-4b36-bf96-ef476ff726ed","borderNode":false,"modifiers":[],"state":"Normal","collapsingState":"EXPANDED","label":{"id":"4af8f7b5-e214-3bf6-8032-6f10cf12d4c3","type":"label:outside-center","text":"Gomez","position":{"x":24.43798828125,"y":-21.0986328125},"size":{"width":45.1240234375,"height":16.0986328125},"alignment":{"x":0.0,"y":12.673828125},"style":{"color":"#242055","fontSize":14,"bold":false,"italic":false,"underline":false,"strikeThrough":false,"iconURL":""}},"style":{"imageURL":"/custom/71e2224c-c654-35a1-a293-8676b5d68a59","scalingFactor":1,"borderColor":"black","borderSize":0,"borderRadius":3,"borderStyle":"Solid"},"childrenLayoutStrategy":{"kind":"FreeForm"},"position":{"x":12.0,"y":198.197265625},"size":{"width":94.0,"height":94.0},"userResizable":true,"borderNodes":[],"childNodes":[],"customizedProperties":[]},{"id":"5405b8bf-f40a-3635-8076-95e1af00e4b1","type":"node:image","targetObjectId":"4a63e649-1fa3-47a9-8668-7f634527258f","targetObjectKind":"siriusComponents://semantic?domain=tutorial&entity=StarTrekFan","targetObjectLabel":"Wednesday","descriptionId":"siriusComponents://nodeDescription?sourceKind=view&sourceId=ab4be674-6804-4205-b183-788117241720&sourceElementId=5a090138-3ab6-4b36-bf96-ef476ff726ed","borderNode":false,"modifiers":[],"state":"Normal","collapsingState":"EXPANDED","label":{"id":"4147c083-698a-3aae-aa99-fa2fa8d7b561","type":"label:outside-center","text":"Wednesday","position":{"x":12.0,"y":-21.0986328125},"size":{"width":73.9306640625,"height":16.0986328125},"alignment":{"x":0.0,"y":12.673828125},"style":{"color":"#242055","fontSize":14,"bold":false,"italic":false,"underline":false,"strikeThrough":false,"iconURL":""}},"style":{"imageURL":"/custom/7b27ed7a-9e5d-34c1-b4a7-d863d354a113","scalingFactor":1,"borderColor":"black","borderSize":0,"borderRadius":3,"borderStyle":"Solid"},"childrenLayoutStrategy":{"kind":"FreeForm"},"position":{"x":166.0,"y":48.76529947916667},"size":{"width":97.9306640625,"height":94.0},"userResizable":true,"borderNodes":[],"childNodes":[],"customizedProperties":[]}],"edges":[{"id":"2365ec44-21aa-35b0-b1ae-c9dc1af437e6","type":"edge:straight","targetObjectId":"b96195b0-106e-41d9-9649-8c6ffbf02bd5","targetObjectKind":"siriusComponents://semantic?domain=tutorial&entity=StarTrekFan","targetObjectLabel":"Morticia","descriptionId":"siriusComponents://edgeDescription?sourceKind=view&sourceId=ab4be674-6804-4205-b183-788117241720&sourceElementId=ecebe667-aa95-492c-a555-501114ffbe1f","beginLabel":null,"centerLabel":null,"endLabel":null,"sourceId":"e6419fca-1966-33db-8b0e-da87b105cb37","targetId":"5405b8bf-f40a-3635-8076-95e1af00e4b1","modifiers":[],"state":"Normal","style":{"size":1,"lineStyle":"Solid","sourceArrow":"None","targetArrow":"InputArrow","color":"#242055"},"routingPoints":[],"sourceAnchorRelativePosition":{"x":0.5,"y":0.5},"targetAnchorRelativePosition":{"x":0.5,"y":0.33333333333333326}},{"id":"502bdca5-eb07-30bc-ae19-0eac3e2ff20d","type":"edge:straight","targetObjectId":"6c8ec6c2-0540-495c-abf4-5de2301c5409","targetObjectKind":"siriusComponents://semantic?domain=tutorial&entity=StarWarsFan","targetObjectLabel":"Gomez","descriptionId":"siriusComponents://edgeDescription?sourceKind=view&sourceId=ab4be674-6804-4205-b183-788117241720&sourceElementId=ecebe667-aa95-492c-a555-501114ffbe1f","beginLabel":null,"centerLabel":null,"endLabel":null,"sourceId":"911b843f-12cc-33c9-81a1-4b4036e76393","targetId":"5405b8bf-f40a-3635-8076-95e1af00e4b1","modifiers":[],"state":"Normal","style":{"size":1,"lineStyle":"Solid","sourceArrow":"None","targetArrow":"InputArrow","color":"#242055"},"routingPoints":[{"x":136.0,"y":245.197265625},{"x":136.0,"y":111.43196614583334}],"sourceAnchorRelativePosition":{"x":0.5,"y":0.5},"targetAnchorRelativePosition":{"x":0.5,"y":0.6666666666666667}}],"layoutData":{"nodeLayoutData":{},"edgeLayoutData":{},"labelLayoutData":{}}}}