{"id":"e1de20f6-8dc5-48b0-a28d-25d6b2ca370c","projectId":"74ec92bd-37a8-48c3-b60e-e8f71d1a9e9a","descriptionId":"siriusComponents://representationDescription?kind=formDescription&sourceKind=view&sourceId=ab4be674-6804-4205-b183-788117241720&sourceElementId=f4f89470-d76d-47b3-b83b-24cdf29d1efa","targetObjectId":"4c94cc1e-c0a4-4bf7-8b40-7af7f63dddc6","label":"Family Form","kind":"siriusComponents://representation?type=Form","representation":{"id":"e1de20f6-8dc5-48b0-a28d-25d6b2ca370c","kind":"siriusComponents://representation?type=Form","label":"Family Form","targetObjectId":"4c94cc1e-c0a4-4bf7-8b40-7af7f63dddc6","descriptionId":"siriusComponents://representationDescription?kind=formDescription&sourceKind=view&sourceId=ab4be674-6804-4205-b183-788117241720&sourceElementId=f4f89470-d76d-47b3-b83b-24cdf29d1efa","pages":[]}}