{"json":{"version":"1.0","encoding":"utf-8"},"ns":{"diagram":"http://www.eclipse.org/sirius-web/diagram","form":"http://www.eclipse.org/sirius-web/form","view":"http://www.eclipse.org/sirius-web/view"},"content":[{"id":"f79b6d86-0713-4f7c-9064-53eca1b9f212","eClass":"view:View","data":{"descriptions":[{"id":"a5682d09-0fa1-460c-910f-45c7c172987d","eClass":"diagram:DiagramDescription","data":{"name":"Family Diagram Description","domainType":"tutorial::Family","titleExpression":"aql:'Family Representation'","palette":{"id":"82c86e90-1ebd-431f-b2c0-9dcc8eb76cf9","eClass":"diagram:DiagramPalette","data":{"nodeTools":[{"id":"1ff49fe9-4e05-42c6-8f34-106c595105e4","eClass":"diagram:NodeTool","data":{"name":"StarTrek Fan","body":[{"id":"835a99e8-ea00-428d-a8d7-899954e9fccb","eClass":"view:CreateInstance","data":{"children":[{"id":"4897052f-851e-4a64-b8fe-9e4e17ef6eb9","eClass":"view:ChangeContext","data":{"children":[{"id":"f15d1a9f-37b6-484e-a942-09b67c482cb1","eClass":"view:SetValue","data":{"featureName":"name","valueExpression":"new Star Trek Fan"}}],"expression":"aql:newStarTrekFan"}}],"typeName":"tutorial::StarTrekFan","referenceName":"members","variableName":"newStarTrekFan"}}]}},{"id":"12b8185b-b218-4f6a-8329-39fd5589a60f","eClass":"diagram:NodeTool","data":{"name":"StarWars Fan","body":[{"id":"28f4fa86-45d2-46ee-b8b9-d08c31f99e47","eClass":"view:CreateInstance","data":{"children":[{"id":"2b5de220-c064-41d0-aab2-e45f2d010b88","eClass":"view:ChangeContext","data":{"children":[{"id":"6b1a048d-8b40-4302-b9e2-1cc1ebecce77","eClass":"view:SetValue","data":{"featureName":"name","valueExpression":"new Star Wars Fan"}}],"expression":"aql:newStarWarsFan"}}],"typeName":"tutorial::StarWarsFan","referenceName":"members","variableName":"newStarWarsFan"}}]}}]}},"nodeDescriptions":[{"id":"5a090138-3ab6-4b36-bf96-ef476ff726ed","eClass":"diagram:NodeDescription","data":{"name":"Person Node","domainType":"tutorial::Person","semanticCandidatesExpression":"aql:self.members","palette":{"id":"e08f91d2-9d8a-4bc4-9033-f09cda7422db","eClass":"diagram:NodePalette","data":{"deleteTool":{"id":"b0faad4b-6915-4706-8eaf-c4ea254121b6","eClass":"diagram:DeleteTool","data":{"name":"Delete","body":[{"id":"b6fcb28d-ec9a-440b-ba55-611c956b6648","eClass":"view:ChangeContext","data":{"expression":"aql:self.defaultDelete()"}}]}},"labelEditTool":{"id":"b6aa41d5-8a9d-4dec-a5c2-52106c7c821c","eClass":"diagram:LabelEditTool","data":{"name":"Edit Label","body":[{"id":"0d549a4e-1000-4c29-9bf8-b5628fda8a20","eClass":"view:ChangeContext","data":{"expression":"aql:self.defaultEditLabel(newLabel)"}}]}}}},"childrenLayoutStrategy":{"id":"c3516975-46c5-4a07-b3da-8eb8e36b3cff","eClass":"diagram:FreeFormLayoutStrategyDescription"},"style":{"id":"cd6a8322-05e5-4afb-8516-9b4d774b5d52","eClass":"diagram:RectangularNodeStyleDescription","data":{"color":"//@colorPalettes.0/@colors.0","borderColor":"//@colorPalettes.0/@colors.1","labelColor":"//@colorPalettes.0/@colors.2","widthComputationExpression":"70","heightComputationExpression":"70"}},"conditionalStyles":[{"id":"c7946ae0-3836-474f-8925-84ae39572b4b","eClass":"diagram:ConditionalNodeStyle","data":{"condition":"aql:self.oclIsKindOf(tutorial::StarTrekFan)","style":{"id":"cefe2990-7adb-401c-a976-e6b34dc15f42","eClass":"diagram:ImageNodeStyleDescription","data":{"borderSize":"0","labelColor":"//@colorPalettes.0/@colors.2","widthComputationExpression":"70","heightComputationExpression":"70","shape":"7b27ed7a-9e5d-34c1-b4a7-d863d354a113"}}}},{"id":"53c93c43-e24b-4942-86ef-86b963494939","eClass":"diagram:ConditionalNodeStyle","data":{"condition":"aql:self.oclIsKindOf(tutorial::StarWarsFan)","style":{"id":"8b0803c0-e7a7-4a47-8b49-89c5225fd8cb","eClass":"diagram:ImageNodeStyleDescription","data":{"borderSize":"0","labelColor":"//@colorPalettes.0/@colors.2","widthComputationExpression":"70","heightComputationExpression":"70","shape":"71e2224c-c654-35a1-a293-8676b5d68a59"}}}}]}}],"edgeDescriptions":[{"id":"ecebe667-aa95-492c-a555-501114ffbe1f","eClass":"diagram:EdgeDescription","data":{"name":"Children Edge","domainType":"","semanticCandidatesExpression":"","labelExpression":"","palette":{"id":"719249dd-78ab-4425-a392-22204cd6daa7","eClass":"diagram:EdgePalette","data":{"deleteTool":{"id":"19d28cc8-3758-4e52-ba14-a380a0cb2315","eClass":"diagram:DeleteTool","data":{"name":"Delete","body":[{"id":"e4876c1c-0575-4939-8e89-553e5bf0823b","eClass":"view:ChangeContext","data":{"expression":"aql:self.defaultDelete()"}}]}},"centerLabelEditTool":{"id":"4bf45a6a-3a82-4837-b06c-5bfc2f84ef78","eClass":"diagram:LabelEditTool","data":{"name":"Edit Label","body":[{"id":"88f8bb6e-1ae5-4cab-821a-0ee56753ef40","eClass":"view:ChangeContext","data":{"expression":"aql:self.defaultEditLabel(newLabel)"}}]}}}},"sourceNodeDescriptions":["//@descriptions.0/@nodeDescriptions.0"],"targetNodeDescriptions":["//@descriptions.0/@nodeDescriptions.0"],"sourceNodesExpression":"aql:self","targetNodesExpression":"aql:self.children","style":{"id":"a40bf037-4e34-449f-b355-2af34b1540e1","eClass":"diagram:EdgeStyle","data":{"color":"//@colorPalettes.0/@colors.1"}}}}]}},{"id":"f4f89470-d76d-47b3-b83b-24cdf29d1efa","eClass":"form:FormDescription","data":{"name":"Family Form Description","domainType":"tutorial::Family","titleExpression":"aql:'Family Form'","pages":[{"id":"c343f911-d2c3-4c5d-a193-37182c624bb9","eClass":"form:PageDescription","data":{"name":"Family Page","labelExpression":"Family","domainType":"tutorial::Family","groups":[{"id":"98b40051-ccef-40fd-85a8-46d2d5b35a76","eClass":"form:GroupDescription","data":{"name":"Family Group","labelExpression":"Family Data","children":[{"id":"2d2c13be-1ad7-48bd-b0d0-cdac50e0cccc","eClass":"form:TextfieldDescription","data":{"name":"Family Name","labelExpression":"Family Name","helpExpression":"Set the family name","valueExpression":"aql:self.name","body":[{"id":"1ed5d3cc-a76e-4366-beef-294cfc24b79e","eClass":"view:ChangeContext","data":{"children":[{"id":"aa1ee240-5ff5-4451-84ea-857e3b6ad223","eClass":"view:SetValue","data":{"featureName":"name","valueExpression":"aql:newValue"}}]}}],"style":{"id":"ea6f580f-7645-498e-8ea1-6046735a50fb","eClass":"form:TextfieldDescriptionStyle"}}},{"id":"4ba6d36a-df23-43c7-8127-1cb1467072a6","eClass":"form:ListDescription","data":{"name":"Family Members","labelExpression":"Family Members","valueExpression":"aql:self.members","displayExpression":"aql:candidate.name","isDeletableExpression":"true","style":{"id":"1570bfba-eb8d-4914-bce3-b2a9b6d619b9","eClass":"form:ListDescriptionStyle"}}},{"id":"1c991272-2b36-4a69-9c7a-99e3267aeda5","eClass":"form:FlexboxContainerDescription","data":{"name":"Data Container","labelExpression":"Data Container","children":[{"id":"d59872b3-d580-4342-8b7d-6b64926bc83a","eClass":"form:BarChartDescription","data":{"name":"Ages Chart","labelExpression":"Ages Chart","valuesExpression":"aql:self.members.age","keysExpression":"aql:self.members.name","yAxisLabelExpression":"Age","style":{"id":"fc593017-aa68-4afd-ab47-628c0f72f208","eClass":"form:BarChartDescriptionStyle","data":{"barsColor":"#d595b8"}},"width":"400","height":"300"}},{"id":"eb92431e-a9fc-4e9a-881b-5dabe5389ac3","eClass":"form:PieChartDescription","data":{"name":"ParentsChildren Chart","labelExpression":"Parents/Children Distribution","valuesExpression":"aql:Sequence{self.members->select(p | p.children->size() > 0)->size(), self.members->select(p | p.children->size() = 0)->size()}","keysExpression":"aql:Sequence{'Parents', 'Children'}","style":{"id":"aa09be22-ee69-4f1e-a622-213af39bb4bb","eClass":"form:PieChartDescriptionStyle","data":{"colors":"aql:Sequence{'#d595b8',' #a59ab0'}"}}}}]}}]}}],"toolbarActions":[{"id":"57d97135-ad9b-4833-bf5c-8475b741cac1","eClass":"form:ButtonDescription","data":{"name":"New Star Wars Fan","labelExpression":"Star Wars","buttonLabelExpression":"+ Star Wars","body":[{"id":"12e3c1a1-ed15-43d5-aae0-313456524231","eClass":"view:ChangeContext","data":{"children":[{"id":"d86be748-6a1d-47ad-b993-ab6b88368559","eClass":"view:CreateInstance","data":{"children":[{"id":"bebfefdd-8d44-41c6-8f7e-467c0376061b","eClass":"view:ChangeContext","data":{"children":[{"id":"6ada7975-9af2-438b-bf48-9c54984edff5","eClass":"view:SetValue","data":{"featureName":"name","valueExpression":"new Star Wars Fan"}},{"id":"a3b9580e-f45e-4ee6-a855-e466e2e2b1eb","eClass":"view:SetValue","data":{"featureName":"age","valueExpression":"30"}}],"expression":"aql:newStarWarsFan"}}],"typeName":"tutorial::StarWarsFan","referenceName":"members","variableName":"newStarWarsFan"}}]}}],"style":{"id":"90f4d741-c5e7-4f0b-8d79-682313490ea8","eClass":"form:ButtonDescriptionStyle"}}},{"id":"d73f6b78-8392-4bbe-8be2-00ccc76a76ae","eClass":"form:ButtonDescription","data":{"name":"New Star Trek Fan","labelExpression":"Star Trek","buttonLabelExpression":"+ Star Trek","body":[{"id":"6c51f2e5-b351-41f3-9698-73e6d3182ef8","eClass":"view:ChangeContext","data":{"children":[{"id":"f05f8112-8d85-438f-80af-38ce568170ba","eClass":"view:CreateInstance","data":{"children":[{"id":"3ec31e19-446c-4fa3-bf25-70605825ffa9","eClass":"view:ChangeContext","data":{"children":[{"id":"fcd8e524-3857-42f3-982a-1d3c6be6f30c","eClass":"view:SetValue","data":{"featureName":"name","valueExpression":"new Star Trek Fan"}},{"id":"b3acd107-d1ee-4b35-9e3e-339b31843137","eClass":"view:SetValue","data":{"featureName":"age","valueExpression":"25"}}],"expression":"aql:newStarTrekFan"}}],"typeName":"tutorial::StarTrekFan","referenceName":"members","variableName":"newStarTrekFan"}}]}}],"style":{"id":"74c3a848-d748-4df7-9403-e5864a3c6009","eClass":"form:ButtonDescriptionStyle"}}}]}}]}}],"colorPalettes":[{"id":"6ee8b6f8-32f7-48dc-95b6-5b700fe364e8","eClass":"view:ColorPalette","data":{"name":"Color Palette","colors":[{"id":"b756911d-061a-4773-873b-055f2742b03d","eClass":"view:FixedColor","data":{"name":"person_background_color","value":"#f7e6f0"}},{"id":"1a52009c-7670-4ad7-a365-303b08c43bd0","eClass":"view:FixedColor","data":{"name":"person_border_color","value":"#242055"}},{"id":"29de7cbe-3722-488a-89ac-ae00126652be","eClass":"view:FixedColor","data":{"name":"person_label_color","value":"#242055"}}]}}]}}]}