{"json":{"version":"1.0","encoding":"utf-8"},"ns":{"diagram":"http://www.eclipse.org/sirius-web/diagram","view":"http://www.eclipse.org/sirius-web/view"},"content":[{"id":"6825dc9a-4a4a-4e14-bc2b-89621a8385f9","eClass":"view:View","data":{"descriptions":[{"id":"751bbea5-cd8a-4d2d-aec8-9fa530fe5aaa","eClass":"diagram:DiagramDescription","data":{"name":"Family Diagram Description","domainType":"tutorial::Family","titleExpression":"Family Representation","palette":{"id":"64e4672e-25c3-44b7-b146-0f22b4c4a138","eClass":"diagram:DiagramPalette","data":{"nodeTools":[{"id":"f27809fc-d21b-43d0-a46d-1c5a75b41539","eClass":"diagram:NodeTool","data":{"name":"Person","body":[{"id":"10bf2346-b9fd-4d7c-976f-3afeba748694","eClass":"view:CreateInstance","data":{"children":[{"id":"7f8cdc48-51bf-4ca9-a86a-b6fa08513aa9","eClass":"view:ChangeContext","data":{"children":[{"id":"2f794ceb-00a9-4b00-97ee-0baeb991b70a","eClass":"view:SetValue","data":{"featureName":"name","valueExpression":"new Person"}}],"expression":"aql:newPerson"}}],"typeName":"tutorial::Person","referenceName":"members","variableName":"newPerson"}}]}}]}},"nodeDescriptions":[{"id":"033e15a5-75eb-49e1-8218-4983fa3288ee","eClass":"diagram:NodeDescription","data":{"name":"Person Node","domainType":"tutorial::Person","semanticCandidatesExpression":"aql:self.members","palette":{"id":"80f652ae-78da-4b87-8052-8d49274fa659","eClass":"diagram:NodePalette","data":{"deleteTool":{"id":"fdaa6d51-35b4-4332-8cea-22180952258d","eClass":"diagram:DeleteTool","data":{"name":"Delete","body":[{"id":"7411effc-803a-448d-a7fc-dce0f3a1282d","eClass":"view:ChangeContext","data":{"expression":"aql:self.defaultDelete()"}}]}},"labelEditTool":{"id":"d5c42665-4eaf-472b-825c-b4a980e0ee2b","eClass":"diagram:LabelEditTool","data":{"name":"Edit Label","body":[{"id":"f9b4da54-22d4-458a-ba2f-4327ef218d00","eClass":"view:ChangeContext","data":{"expression":"aql:self.defaultEditLabel(newLabel)"}}]}}}},"childrenLayoutStrategy":{"id":"0c601c4e-a2c3-4d8d-bc27-08e4b0e2a1ed","eClass":"diagram:FreeFormLayoutStrategyDescription"},"style":{"id":"18a6e335-e9b3-46f2-bbc4-e0d3848cc16e","eClass":"diagram:RectangularNodeStyleDescription","data":{"color":"//@colorPalettes.0/@colors.6","borderColor":"//@colorPalettes.0/@colors.7","labelColor":"//@colorPalettes.0/@colors.8","widthComputationExpression":"100","heightComputationExpression":"70"}}}}]}}],"colorPalettes":[{"id":"0a0de113-fea0-4ae2-b4ef-e24b87b58b8e","eClass":"view:ColorPalette","data":{"name":"Color Palette","colors":[{"id":"b763b3fc-1a01-434e-aa7d-8baf70db301a","eClass":"view:FixedColor","data":{"name":"theme_primary_main","value":"#BE1A78"}},{"id":"5cd3435e-4a78-4c85-81e0-7ab2560d9ec2","eClass":"view:FixedColor","data":{"name":"theme_primary_dark","value":"#851254"}},{"id":"d4dda0bf-5c80-47be-98a7-3017b07d92c8","eClass":"view:FixedColor","data":{"name":"theme_primary_light","value":"#CB4793"}},{"id":"8fe7865f-bc15-4dbb-a22f-6271b835849c","eClass":"view:FixedColor","data":{"name":"theme_secondary_main","value":"#261E58"}},{"id":"5e9c882d-39b2-4d4f-96e9-8344f4c80e8e","eClass":"view:FixedColor","data":{"name":"theme_secondary_dark","value":"#1A153D"}},{"id":"42ffbb4a-1f21-48e7-8872-090715be8b46","eClass":"view:FixedColor","data":{"name":"theme_secondary_light","value":"#514B79"}},{"id":"51539a98-94b3-45fc-8920-f6d1a0b64c92","eClass":"view:FixedColor","data":{"name":"person_background color","value":"#f7e6f0"}},{"id":"192afa8c-63e2-40fe-98ef-df9b83d81eac","eClass":"view:FixedColor","data":{"name":"person_border_color","value":"#242055"}},{"id":"86d9dfd6-58da-439e-8072-fdb3739a9760","eClass":"view:FixedColor","data":{"name":"person_label_color","value":"#242055"}}]}}]}}]}