{"json":{"version":"1.0","encoding":"utf-8"},"ns":{"domain":"http://www.eclipse.org/sirius-web/domain"},"content":[{"id":"b514122a-92b5-4ed8-93c6-c14972c70058","eClass":"domain:Domain","data":{"name":"tutorial","types":[{"id":"58c38065-a1bb-4899-ba85-fae4b00ce401","eClass":"domain:Entity","data":{"name":"Family","attributes":[{"id":"a67a8e5b-19fe-4621-b9be-09ea09831567","eClass":"domain:Attribute","data":{"name":"name"}}],"relations":[{"id":"50803714-86de-420a-9d48-1a337f3f4b83","eClass":"domain:Relation","data":{"name":"members","many":true,"containment":true,"targetType":"//@types.1"}}]}},{"id":"9e5454c9-b4a1-4d72-93c6-4dc1f2ba5985","eClass":"domain:Entity","data":{"name":"Person","attributes":[{"id":"059dbebd-1207-49bb-9433-b32a3ebcdca7","eClass":"domain:Attribute","data":{"name":"name"}}]}}]}}]}