{"id":"89fcdf2d-4298-4dbc-89e2-08a3e8089ca3","projectId":"bf88c12a-6f68-41a8-914f-77b53ce6590b","descriptionId":"ab6d8e47-3ffa-3c08-bbd0-eb1d57d7fcd7","targetObjectId":"892f5496-4f05-4a66-b84d-3cf445a1c20a","label":"FormDescriptionEditor","kind":"siriusComponents://representation?type=FormDescriptionEditor","representation":{"id":"89fcdf2d-4298-4dbc-89e2-08a3e8089ca3","kind":"siriusComponents://representation?type=FormDescriptionEditor","label":"FormDescriptionEditor","targetObjectId":"892f5496-4f05-4a66-b84d-3cf445a1c20a","descriptionId":"ab6d8e47-3ffa-3c08-bbd0-eb1d57d7fcd7","pages":[]}}