{"id":"c1668e8c-4b8f-4c7a-bf58-669b812c68f4","projectId":"bf88c12a-6f68-41a8-914f-77b53ce6590b","descriptionId":"02384925-06cb-34f7-8d8a-4387e41b77a5","targetObjectId":"788992f7-7ba8-4bfc-9231-eab78201f5aa","label":"Domain","kind":"siriusComponents://representation?type=Diagram","representation":{"id":"c1668e8c-4b8f-4c7a-bf58-669b812c68f4","kind":"siriusComponents://representation?type=Diagram","targetObjectId":"788992f7-7ba8-4bfc-9231-eab78201f5aa","descriptionId":"02384925-06cb-34f7-8d8a-4387e41b77a5","label":"Domain","position":{"x":0.0,"y":0.0},"size":{"width":367.84375,"height":262.6923828125},"nodes":[{"id":"efcef429-6274-3481-aa54-c61ae041c292","type":"node:rectangle","targetObjectId":"de59293d-ba4e-4df0-93c6-fc0601f1115f","targetObjectKind":"siriusComponents://semantic?domain=domain&entity=Entity","targetObjectLabel":"Family","descriptionId":"f46faeb4-9a50-313b-9a52-27cafbf3ba56","borderNode":false,"modifiers":[],"state":"Normal","collapsingState":"EXPANDED","label":{"id":"a23b76f4-2f56-3cfb-835d-af527b1d6d29","type":"label:inside-center","text":"Family","position":{"x":-3.5458984375,"y":5.0},"size":{"width":67.109375,"height":18.3984375},"alignment":{"x":20.0,"y":14.484375},"style":{"color":"#000000","fontSize":16,"bold":false,"italic":false,"underline":false,"strikeThrough":false,"iconURL":"/icons/full/obj16/Entity.svg"}},"style":{"color":"#fafafa","borderColor":"#fbb800","borderSize":3,"borderRadius":8,"borderStyle":"Solid","withHeader":true},"childrenLayoutStrategy":{"kind":"List"},"position":{"x":23.5615234375,"y":200.4951171875},"size":{"width":60.017578125,"height":50.197265625},"userResizable":true,"borderNodes":[],"childNodes":[{"id":"054a5caf-12d7-304e-906b-eb2162c610d3","type":"node:icon-label","targetObjectId":"5c7f3a42-af63-42ce-9143-93106f7a139a","targetObjectKind":"siriusComponents://semantic?domain=domain&entity=Attribute","targetObjectLabel":"name","descriptionId":"b4c3f307-569b-34e8-84d4-c1adad1148dd","borderNode":false,"modifiers":[],"state":"Normal","collapsingState":"EXPANDED","label":{"id":"b2176b2e-289a-3725-9cee-c705849f75ca","type":"label:inside-center","text":"name","position":{"x":5.0,"y":0.0},"size":{"width":50.017578125,"height":13.798828125},"alignment":{"x":20.0,"y":10.86328125},"style":{"color":"#424242","fontSize":12,"bold":false,"italic":false,"underline":false,"strikeThrough":false,"iconURL":"/icons/full/obj16/StringAttribute.svg"}},"style":{"backgroundColor":"transparent"},"childrenLayoutStrategy":null,"position":{"x":0.0,"y":36.3984375},"size":{"width":60.017578125,"height":13.798828125},"userResizable":true,"borderNodes":[],"childNodes":[],"customizedProperties":[]}],"customizedProperties":[]},{"id":"b14eec41-f0fb-31fc-80ab-521b1826833a","type":"node:rectangle","targetObjectId":"32a7b1f7-a1b2-48d8-84f8-168959b2f62a","targetObjectKind":"siriusComponents://semantic?domain=domain&entity=Entity","targetObjectLabel":"Person","descriptionId":"f46faeb4-9a50-313b-9a52-27cafbf3ba56","borderNode":false,"modifiers":[],"state":"Normal","collapsingState":"EXPANDED","label":{"id":"8ade9b6b-a218-3b2c-b07e-b211c48ea5b5","type":"label:inside-center","text":"Person","position":{"x":-5.3388671875,"y":5.0},"size":{"width":70.6953125,"height":18.3984375},"alignment":{"x":20.0,"y":14.484375},"style":{"color":"#000000","fontSize":16,"bold":false,"italic":true,"underline":false,"strikeThrough":false,"iconURL":"/icons/full/obj16/Entity.svg"}},"style":{"color":"#fafafa","borderColor":"#757575","borderSize":3,"borderRadius":8,"borderStyle":"Solid","withHeader":true},"childrenLayoutStrategy":{"kind":"List"},"position":{"x":290.4873046875,"y":37.798828125},"size":{"width":60.017578125,"height":50.197265625},"userResizable":true,"borderNodes":[],"childNodes":[{"id":"e494464c-60ff-38f2-9866-a333dca7d501","type":"node:icon-label","targetObjectId":"a6e0ac05-4e99-45e0-abb4-a6fcdf0d94c8","targetObjectKind":"siriusComponents://semantic?domain=domain&entity=Attribute","targetObjectLabel":"name","descriptionId":"b4c3f307-569b-34e8-84d4-c1adad1148dd","borderNode":false,"modifiers":[],"state":"Normal","collapsingState":"EXPANDED","label":{"id":"3d8362fd-97cc-3065-8f60-f8fd7c95d8ca","type":"label:inside-center","text":"name","position":{"x":5.0,"y":0.0},"size":{"width":50.017578125,"height":13.798828125},"alignment":{"x":20.0,"y":10.86328125},"style":{"color":"#424242","fontSize":12,"bold":false,"italic":false,"underline":false,"strikeThrough":false,"iconURL":"/icons/full/obj16/StringAttribute.svg"}},"style":{"backgroundColor":"transparent"},"childrenLayoutStrategy":null,"position":{"x":0.0,"y":36.3984375},"size":{"width":60.017578125,"height":13.798828125},"userResizable":true,"borderNodes":[],"childNodes":[],"customizedProperties":[]}],"customizedProperties":[]},{"id":"131b2771-f832-3e0e-89da-702bcd7d795d","type":"node:rectangle","targetObjectId":"5c3f38de-c514-4d9d-910b-7190e3b016db","targetObjectKind":"siriusComponents://semantic?domain=domain&entity=Entity","targetObjectLabel":"Man","descriptionId":"f46faeb4-9a50-313b-9a52-27cafbf3ba56","borderNode":false,"modifiers":[],"state":"Normal","collapsingState":"EXPANDED","label":{"id":"7e2d1d6c-3e0f-3407-9113-c6a0daa5e2c9","type":"label:inside-center","text":"Man","position":{"x":0.0,"y":5.0},"size":{"width":51.125,"height":18.3984375},"alignment":{"x":20.0,"y":14.484375},"style":{"color":"#000000","fontSize":16,"bold":false,"italic":false,"underline":false,"strikeThrough":false,"iconURL":"/icons/full/obj16/Entity.svg"}},"style":{"color":"#fafafa","borderColor":"#fbb800","borderSize":3,"borderRadius":8,"borderStyle":"Solid","withHeader":true},"childrenLayoutStrategy":{"kind":"List"},"position":{"x":32.4541015625,"y":53.6982421875},"size":{"width":51.125,"height":18.3984375},"userResizable":true,"borderNodes":[],"childNodes":[],"customizedProperties":[]},{"id":"0d4bb881-ecc7-335c-afbe-acc6759c4bb8","type":"node:rectangle","targetObjectId":"79b03e5d-c49c-499a-b634-3696a46ec3a2","targetObjectKind":"siriusComponents://semantic?domain=domain&entity=Entity","targetObjectLabel":"Woman","descriptionId":"f46faeb4-9a50-313b-9a52-27cafbf3ba56","borderNode":false,"modifiers":[],"state":"Normal","collapsingState":"EXPANDED","label":{"id":"d065e647-116e-3de2-8e71-e19cc49d99fd","type":"label:inside-center","text":"Woman","position":{"x":0.0,"y":5.0},"size":{"width":75.125,"height":18.3984375},"alignment":{"x":20.0,"y":14.484375},"style":{"color":"#000000","fontSize":16,"bold":false,"italic":false,"underline":false,"strikeThrough":false,"iconURL":"/icons/full/obj16/Entity.svg"}},"style":{"color":"#fafafa","borderColor":"#fbb800","borderSize":3,"borderRadius":8,"borderStyle":"Solid","withHeader":true},"childrenLayoutStrategy":{"kind":"List"},"position":{"x":12.0,"y":127.0966796875},"size":{"width":75.125,"height":18.3984375},"userResizable":true,"borderNodes":[],"childNodes":[],"customizedProperties":[]}],"edges":[{"id":"5b9a25d9-d9fe-3930-b756-03d9ba51a61a","type":"edge:straight","targetObjectId":"faf357fc-a407-4010-88a0-3b8a66e68f38","targetObjectKind":"siriusComponents://semantic?domain=domain&entity=Relation","targetObjectLabel":"members","descriptionId":"acc34092-d37f-3136-98ec-fb4d406031ca","beginLabel":null,"centerLabel":{"id":"325911c2-de77-3e2a-a822-ac8870ccbcec","type":"label:edge-center","text":"members [0..*]","position":{"x":147.125,"y":38.0986328125},"size":{"width":78.0234375,"height":13.798828125},"alignment":{"x":0.0,"y":10.86328125},"style":{"color":"#424242","fontSize":12,"bold":false,"italic":false,"underline":false,"strikeThrough":false,"iconURL":""}},"endLabel":null,"sourceId":"efcef429-6274-3481-aa54-c61ae041c292","targetId":"b14eec41-f0fb-31fc-80ab-521b1826833a","modifiers":[],"state":"Normal","style":{"size":1,"lineStyle":"Solid","sourceArrow":"FillDiamond","targetArrow":"InputArrow","color":"#000000"},"routingPoints":[{"x":117.125,"y":225.59375},{"x":117.125,"y":35.0986328125},{"x":255.1484375,"y":35.0986328125},{"x":255.1484375,"y":50.34814453125}],"sourceAnchorRelativePosition":{"x":0.5,"y":0.5},"targetAnchorRelativePosition":{"x":0.5,"y":0.25}},{"id":"3946e88a-a9e3-35dd-a50b-2806577b4447","type":"edge:straight","targetObjectId":"4ba53951-ec90-4a75-80f2-d4fb9367d6c1","targetObjectKind":"siriusComponents://semantic?domain=domain&entity=Relation","targetObjectLabel":"children","descriptionId":"acc34092-d37f-3136-98ec-fb4d406031ca","beginLabel":null,"centerLabel":{"id":"222b6854-50ca-39b6-887e-37a75cd57461","type":"label:edge-center","text":"children [0..*]","position":{"x":285.4775390625,"y":12.0},"size":{"width":70.037109375,"height":13.798828125},"alignment":{"x":0.0,"y":10.86328125},"style":{"color":"#424242","fontSize":12,"bold":false,"italic":false,"underline":false,"strikeThrough":false,"iconURL":""}},"endLabel":null,"sourceId":"b14eec41-f0fb-31fc-80ab-521b1826833a","targetId":"b14eec41-f0fb-31fc-80ab-521b1826833a","modifiers":[],"state":"Normal","style":{"size":1,"lineStyle":"Solid","sourceArrow":"None","targetArrow":"InputArrow","color":"#888888"},"routingPoints":[{"x":310.4931640625,"y":27.798828125},{"x":330.4990234375,"y":27.798828125}],"sourceAnchorRelativePosition":{"x":0.3333333333333333,"y":0.5},"targetAnchorRelativePosition":{"x":0.6666666666666666,"y":0.5}},{"id":"3726362e-9eca-39ba-9f2f-9ebea89f1396","type":"edge:straight","targetObjectId":"5c3f38de-c514-4d9d-910b-7190e3b016db","targetObjectKind":"siriusComponents://semantic?domain=domain&entity=Entity","targetObjectLabel":"Man","descriptionId":"449dd2f5-3205-3504-84d4-060e4f53b866","beginLabel":null,"centerLabel":{"id":"92968185-23c0-343b-b18a-3161d5a21c8b","type":"label:edge-center","text":"","position":{"x":186.13671875,"y":65.8974609375},"size":{"width":0.0,"height":13.798828125},"alignment":{"x":0.0,"y":10.86328125},"style":{"color":"#000000","fontSize":12,"bold":false,"italic":false,"underline":false,"strikeThrough":false,"iconURL":""}},"endLabel":null,"sourceId":"131b2771-f832-3e0e-89da-702bcd7d795d","targetId":"b14eec41-f0fb-31fc-80ab-521b1826833a","modifiers":[],"state":"Normal","style":{"size":1,"lineStyle":"Solid","sourceArrow":"None","targetArrow":"InputClosedArrow","color":"#757575"},"routingPoints":[],"sourceAnchorRelativePosition":{"x":0.5,"y":0.5},"targetAnchorRelativePosition":{"x":0.5,"y":0.5}},{"id":"1f30f98c-a1b3-309d-9154-01d8a6179293","type":"edge:straight","targetObjectId":"79b03e5d-c49c-499a-b634-3696a46ec3a2","targetObjectKind":"siriusComponents://semantic?domain=domain&entity=Entity","targetObjectLabel":"Woman","descriptionId":"449dd2f5-3205-3504-84d4-060e4f53b866","beginLabel":null,"centerLabel":{"id":"7c5a7f1c-bb51-309d-b0b1-d89c8c0d49a5","type":"label:edge-center","text":"","position":{"x":186.13671875,"y":139.2958984375},"size":{"width":0.0,"height":13.798828125},"alignment":{"x":0.0,"y":10.86328125},"style":{"color":"#000000","fontSize":12,"bold":false,"italic":false,"underline":false,"strikeThrough":false,"iconURL":""}},"endLabel":null,"sourceId":"0d4bb881-ecc7-335c-afbe-acc6759c4bb8","targetId":"b14eec41-f0fb-31fc-80ab-521b1826833a","modifiers":[],"state":"Normal","style":{"size":1,"lineStyle":"Solid","sourceArrow":"None","targetArrow":"InputClosedArrow","color":"#757575"},"routingPoints":[{"x":255.1484375,"y":136.2958984375},{"x":255.1484375,"y":75.44677734375}],"sourceAnchorRelativePosition":{"x":0.5,"y":0.5},"targetAnchorRelativePosition":{"x":0.5,"y":0.75}}],"layoutData":{"nodeLayoutData":{},"edgeLayoutData":{},"labelLayoutData":{}}}}