{"json":{"version":"1.0","encoding":"utf-8"},"ns":{"domain":"http://www.eclipse.org/sirius-web/domain"},"content":[{"id":"16b6b181-d653-414a-ad6c-2f0be565eff8","eClass":"domain:Domain","data":{"name":"tutorial","types":[{"id":"9157ea6d-6a48-4513-bd67-0ee55ef40791","eClass":"domain:Entity","data":{"name":"Family","attributes":[{"id":"6b6c4b8d-1352-4f07-8840-24b2ecab7a2c","eClass":"domain:Attribute","data":{"name":"name"}}],"relations":[{"id":"16756fa9-a6b4-4da9-8794-0cdf2540b197","eClass":"domain:Relation","data":{"name":"members","many":true,"containment":true,"targetType":"//@types.1"}}]}},{"id":"e7113cc1-b2f9-4fbf-914b-e6f9a7a43cf1","eClass":"domain:Entity","data":{"name":"Person","attributes":[{"id":"df52923b-740f-49b5-aa07-f2a27ac3f848","eClass":"domain:Attribute","data":{"name":"name"}}]}}]}}]}