{"id":"bdd6aad4-1beb-4a85-ae15-b9c5c848a951","projectId":"f4ce1db7-5c22-4a31-9200-58250fb5cc0e","descriptionId":"ab6d8e47-3ffa-3c08-bbd0-eb1d57d7fcd7","targetObjectId":"f4f89470-d76d-47b3-b83b-24cdf29d1efa","label":"FormDescriptionEditor","kind":"siriusComponents://representation?type=FormDescriptionEditor","representation":{"id":"bdd6aad4-1beb-4a85-ae15-b9c5c848a951","kind":"siriusComponents://representation?type=FormDescriptionEditor","label":"FormDescriptionEditor","targetObjectId":"f4f89470-d76d-47b3-b83b-24cdf29d1efa","descriptionId":"ab6d8e47-3ffa-3c08-bbd0-eb1d57d7fcd7","pages":[]}}