{"id":"9e77fa83-1c49-4ad4-b937-afb17a0fff97","projectId":"2e4ff0ab-1d62-4a66-9769-03676d1bf79d","descriptionId":"02384925-06cb-34f7-8d8a-4387e41b77a5","targetObjectId":"b514122a-92b5-4ed8-93c6-c14972c70058","label":"Domain","kind":"siriusComponents://representation?type=Diagram","representation":{"id":"9e77fa83-1c49-4ad4-b937-afb17a0fff97","kind":"siriusComponents://representation?type=Diagram","targetObjectId":"b514122a-92b5-4ed8-93c6-c14972c70058","descriptionId":"02384925-06cb-34f7-8d8a-4387e41b77a5","label":"Domain","position":{"x":0.0,"y":0.0},"size":{"width":339.828125,"height":74.197265625},"nodes":[{"id":"1181a1e5-3231-3828-878e-e974fb2a4c6d","type":"node:rectangle","targetObjectId":"58c38065-a1bb-4899-ba85-fae4b00ce401","targetObjectKind":"siriusComponents://semantic?domain=domain&entity=Entity","targetObjectLabel":"Family","descriptionId":"f46faeb4-9a50-313b-9a52-27cafbf3ba56","borderNode":false,"modifiers":[],"state":"Normal","collapsingState":"EXPANDED","label":{"id":"a52aeac1-3869-39d1-b120-3cf403a37ce3","type":"label:inside-center","text":"Family","position":{"x":-3.5458984375,"y":5.0},"size":{"width":67.109375,"height":18.3984375},"alignment":{"x":20.0,"y":14.484375},"style":{"color":"#000000","fontSize":16,"bold":false,"italic":false,"underline":false,"strikeThrough":false,"iconURL":"/icons/full/obj16/Entity.svg"}},"style":{"color":"#fafafa","borderColor":"#fbb800","borderSize":3,"borderRadius":8,"borderStyle":"Solid","withHeader":true},"childrenLayoutStrategy":{"kind":"List"},"position":{"x":15.5458984375,"y":12.0},"size":{"width":60.017578125,"height":50.197265625},"userResizable":true,"borderNodes":[],"childNodes":[{"id":"9c61143a-e8e8-38ac-8e9c-171410bff4eb","type":"node:icon-label","targetObjectId":"a67a8e5b-19fe-4621-b9be-09ea09831567","targetObjectKind":"siriusComponents://semantic?domain=domain&entity=Attribute","targetObjectLabel":"name","descriptionId":"b4c3f307-569b-34e8-84d4-c1adad1148dd","borderNode":false,"modifiers":[],"state":"Normal","collapsingState":"EXPANDED","label":{"id":"40c22bd9-2bce-389d-b8a1-50f1ea6a747d","type":"label:inside-center","text":"name","position":{"x":5.0,"y":0.0},"size":{"width":50.017578125,"height":13.798828125},"alignment":{"x":20.0,"y":10.86328125},"style":{"color":"#424242","fontSize":12,"bold":false,"italic":false,"underline":false,"strikeThrough":false,"iconURL":"/icons/full/obj16/StringAttribute.svg"}},"style":{"backgroundColor":"transparent"},"childrenLayoutStrategy":null,"position":{"x":0.0,"y":36.3984375},"size":{"width":60.017578125,"height":13.798828125},"userResizable":true,"borderNodes":[],"childNodes":[],"customizedProperties":[]}],"customizedProperties":[]},{"id":"4cdc1cd6-1f4f-360f-b864-5706df3407c5","type":"node:rectangle","targetObjectId":"9e5454c9-b4a1-4d72-93c6-4dc1f2ba5985","targetObjectKind":"siriusComponents://semantic?domain=domain&entity=Entity","targetObjectLabel":"Person","descriptionId":"f46faeb4-9a50-313b-9a52-27cafbf3ba56","borderNode":false,"modifiers":[],"state":"Normal","collapsingState":"EXPANDED","label":{"id":"5d32cae1-2c72-37ad-87a8-725300d7ee40","type":"label:inside-center","text":"Person","position":{"x":-5.3388671875,"y":5.0},"size":{"width":70.6953125,"height":18.3984375},"alignment":{"x":20.0,"y":14.484375},"style":{"color":"#000000","fontSize":16,"bold":false,"italic":false,"underline":false,"strikeThrough":false,"iconURL":"/icons/full/obj16/Entity.svg"}},"style":{"color":"#fafafa","borderColor":"#fbb800","borderSize":3,"borderRadius":8,"borderStyle":"Solid","withHeader":true},"childrenLayoutStrategy":{"kind":"List"},"position":{"x":262.4716796875,"y":12.0},"size":{"width":60.017578125,"height":50.197265625},"userResizable":true,"borderNodes":[],"childNodes":[{"id":"d159805e-a504-3002-a550-43a4941e5631","type":"node:icon-label","targetObjectId":"059dbebd-1207-49bb-9433-b32a3ebcdca7","targetObjectKind":"siriusComponents://semantic?domain=domain&entity=Attribute","targetObjectLabel":"name","descriptionId":"b4c3f307-569b-34e8-84d4-c1adad1148dd","borderNode":false,"modifiers":[],"state":"Normal","collapsingState":"EXPANDED","label":{"id":"82dc0bf6-5cdd-3817-b7e9-6214602d0091","type":"label:inside-center","text":"name","position":{"x":5.0,"y":0.0},"size":{"width":50.017578125,"height":13.798828125},"alignment":{"x":20.0,"y":10.86328125},"style":{"color":"#424242","fontSize":12,"bold":false,"italic":false,"underline":false,"strikeThrough":false,"iconURL":"/icons/full/obj16/StringAttribute.svg"}},"style":{"backgroundColor":"transparent"},"childrenLayoutStrategy":null,"position":{"x":0.0,"y":36.3984375},"size":{"width":60.017578125,"height":13.798828125},"userResizable":true,"borderNodes":[],"childNodes":[],"customizedProperties":[]}],"customizedProperties":[]}],"edges":[{"id":"0331068f-610f-3caa-a093-b0430a386ffd","type":"edge:straight","targetObjectId":"50803714-86de-420a-9d48-1a337f3f4b83","targetObjectKind":"siriusComponents://semantic?domain=domain&entity=Relation","targetObjectLabel":"members","descriptionId":"acc34092-d37f-3136-98ec-fb4d406031ca","beginLabel":null,"centerLabel":{"id":"93905007-ebc8-3ad2-aefd-3c97e6d70961","type":"label:edge-center","text":"members [0..*]","position":{"x":129.109375,"y":40.0986328125},"size":{"width":78.0234375,"height":13.798828125},"alignment":{"x":0.0,"y":10.86328125},"style":{"color":"#424242","fontSize":12,"bold":false,"italic":false,"underline":false,"strikeThrough":false,"iconURL":""}},"endLabel":null,"sourceId":"1181a1e5-3231-3828-878e-e974fb2a4c6d","targetId":"4cdc1cd6-1f4f-360f-b864-5706df3407c5","modifiers":[],"state":"Normal","style":{"size":1,"lineStyle":"Solid","sourceArrow":"FillDiamond","targetArrow":"InputArrow","color":"#000000"},"routingPoints":[],"sourceAnchorRelativePosition":{"x":0.5,"y":0.5},"targetAnchorRelativePosition":{"x":0.5,"y":0.5}}],"layoutData":{"nodeLayoutData":{},"edgeLayoutData":{},"labelLayoutData":{}}}}